/*
 Navicat Premium Data Transfer

 Source Server         : MySql测试数据库
 Source Server Type    : MySQL
 Source Server Version : 80036 (8.0.36)
 Source Host           : localhost:3306
 Source Schema         : test

 Target Server Type    : MySQL
 Target Server Version : 80036 (8.0.36)
 File Encoding         : 65001

 Date: 06/06/2025 09:57:13
*/

SET NAMES utf8mb4;
SET FOREIGN_KEY_CHECKS = 0;

-- ----------------------------
-- Table structure for lq_operationlog
-- ----------------------------
DROP TABLE IF EXISTS `lq_operationlog`;
CREATE TABLE `lq_operationlog`  (
  `Id` bigint NOT NULL AUTO_INCREMENT,
  `UserId` int NOT NULL COMMENT '操作人',
  `ActionType` int NOT NULL COMMENT '操作类型',
  `ModuleName` varchar(500) CHARACTER SET utf8mb4 COLLATE utf8mb4_0900_ai_ci NOT NULL COMMENT '模块名称',
  `Description` varchar(255) CHARACTER SET utf8mb4 COLLATE utf8mb4_0900_ai_ci NULL DEFAULT NULL COMMENT '操作描述',
  `ActionTime` datetime NOT NULL COMMENT '操作时间',
  `ActionContent` varchar(5000) CHARACTER SET utf8mb4 COLLATE utf8mb4_0900_ai_ci NULL DEFAULT NULL COMMENT '操作内容',
  `OrgId` int NOT NULL COMMENT '服务器Id',
  `AddUserId` int NOT NULL COMMENT '创建人',
  `AddTime` datetime NOT NULL COMMENT '创建时间',
  `UpUserId` int NOT NULL COMMENT '更新人',
  `UpTime` datetime NOT NULL COMMENT '更新时间',
  PRIMARY KEY (`Id`) USING BTREE,
  INDEX `index`(`UserId` ASC, `ActionType` ASC, `ModuleName` ASC, `OrgId` ASC) USING BTREE
) ENGINE = InnoDB AUTO_INCREMENT = 554 CHARACTER SET = utf8mb4 COLLATE = utf8mb4_0900_ai_ci COMMENT = '系统操作日志' ROW_FORMAT = Dynamic;

-- ----------------------------
-- Records of lq_operationlog
-- ----------------------------
INSERT INTO `lq_operationlog` VALUES (70, 3, 4, '设置>权限设置', '角色查询', '2024-12-19 17:37:51', NULL, 1, 3, '2024-12-19 17:37:51', 3, '2024-12-19 17:37:51');
INSERT INTO `lq_operationlog` VALUES (71, 3, 4, '设置>权限设置', '角色查询', '2024-12-20 09:23:28', NULL, 1, 3, '2024-12-20 09:23:28', 3, '2024-12-20 09:23:28');
INSERT INTO `lq_operationlog` VALUES (72, 3, 4, '设置>权限设置', '角色查询', '2024-12-20 14:47:28', NULL, 1, 3, '2024-12-20 14:47:28', 3, '2024-12-20 14:47:28');
INSERT INTO `lq_operationlog` VALUES (73, 3, 4, '设置>权限设置', '角色查询', '2024-12-20 14:48:12', NULL, 1, 3, '2024-12-20 14:48:12', 3, '2024-12-20 14:48:12');
INSERT INTO `lq_operationlog` VALUES (75, 3, 4, '设置>权限设置', '角色分页查询', '2024-12-24 13:53:06', NULL, 1, 3, '2024-12-24 13:53:06', 3, '2024-12-24 13:53:06');
INSERT INTO `lq_operationlog` VALUES (76, 3, 4, '设置>权限设置', '角色分页查询', '2024-12-24 13:53:09', NULL, 1, 3, '2024-12-24 13:53:09', 3, '2024-12-24 13:53:09');
INSERT INTO `lq_operationlog` VALUES (77, 3, 4, '设置>权限设置', '角色分页查询', '2024-12-24 13:53:12', NULL, 1, 3, '2024-12-24 13:53:12', 3, '2024-12-24 13:53:12');
INSERT INTO `lq_operationlog` VALUES (78, 3, 4, '设置>权限设置', '角色分页查询', '2024-12-24 13:53:12', NULL, 1, 3, '2024-12-24 13:53:12', 3, '2024-12-24 13:53:12');
INSERT INTO `lq_operationlog` VALUES (79, 3, 4, '设置>权限设置', '角色分页查询', '2024-12-24 13:53:14', NULL, 1, 3, '2024-12-24 13:53:14', 3, '2024-12-24 13:53:14');
INSERT INTO `lq_operationlog` VALUES (80, 3, 4, '设置>权限设置', '角色分页查询', '2024-12-24 14:04:30', NULL, 1, 3, '2024-12-24 14:04:30', 3, '2024-12-24 14:04:30');
INSERT INTO `lq_operationlog` VALUES (81, 3, 4, '设置>权限设置', '角色分页查询', '2024-12-24 14:04:30', NULL, 1, 3, '2024-12-24 14:04:30', 3, '2024-12-24 14:04:30');
INSERT INTO `lq_operationlog` VALUES (82, 3, 4, '系统监控>日志管理', '系统日志分页查询', '2024-12-24 14:53:38', '搜索条件->操作人：;开始时间：;结束时间：', 1, 3, '2024-12-24 14:53:38', 3, '2024-12-24 14:53:38');
INSERT INTO `lq_operationlog` VALUES (83, 3, 4, '系统监控>日志管理', '系统日志分页查询', '2024-12-24 14:53:51', '搜索条件->操作人：;开始时间：;结束时间：', 1, 3, '2024-12-24 14:53:51', 3, '2024-12-24 14:53:51');
INSERT INTO `lq_operationlog` VALUES (84, 3, 4, '系统监控>日志管理', '系统日志分页查询', '2024-12-24 14:54:15', '搜索条件->操作人：;开始时间：;结束时间：', 1, 3, '2024-12-24 14:54:15', 3, '2024-12-24 14:54:15');
INSERT INTO `lq_operationlog` VALUES (85, 3, 4, '系统监控>日志管理', '系统日志分页查询', '2024-12-24 14:54:29', '搜索条件->操作人：兰心;开始时间：;结束时间：', 1, 3, '2024-12-24 14:54:29', 3, '2024-12-24 14:54:29');
INSERT INTO `lq_operationlog` VALUES (86, 3, 4, '系统监控>日志管理', '系统日志分页查询', '2024-12-24 14:54:32', '搜索条件->操作人：兰;开始时间：;结束时间：', 1, 3, '2024-12-24 14:54:32', 3, '2024-12-24 14:54:32');
INSERT INTO `lq_operationlog` VALUES (87, 3, 4, '系统监控>日志管理', '系统日志分页查询', '2024-12-24 14:54:33', '搜索条件->操作人：;开始时间：;结束时间：', 1, 3, '2024-12-24 14:54:33', 3, '2024-12-24 14:54:33');
INSERT INTO `lq_operationlog` VALUES (88, 3, 4, '系统监控>日志管理', '系统日志分页查询', '2024-12-24 14:55:10', '搜索条件->操作人：陆;开始时间：;结束时间：', 1, 3, '2024-12-24 14:55:10', 3, '2024-12-24 14:55:10');
INSERT INTO `lq_operationlog` VALUES (89, 3, 4, '系统监控>日志管理', '系统日志分页查询', '2024-12-24 14:55:15', '搜索条件->操作人：陆;开始时间：2024-12-24;结束时间：2024-12-27', 1, 3, '2024-12-24 14:55:15', 3, '2024-12-24 14:55:15');
INSERT INTO `lq_operationlog` VALUES (90, 3, 4, '系统监控>日志管理', '系统日志分页查询', '2024-12-24 14:55:20', '搜索条件->操作人：陆;开始时间：;结束时间：', 1, 3, '2024-12-24 14:55:20', 3, '2024-12-24 14:55:20');
INSERT INTO `lq_operationlog` VALUES (91, 3, 4, '系统监控>日志管理', '系统日志分页查询', '2024-12-24 14:55:24', '搜索条件->操作人：;开始时间：;结束时间：', 1, 3, '2024-12-24 14:55:24', 3, '2024-12-24 14:55:24');
INSERT INTO `lq_operationlog` VALUES (92, 3, 4, '设置>权限设置', '角色分页查询', '2024-12-24 15:37:27', '搜索条件->角色名称：', 1, 3, '2024-12-24 15:37:27', 3, '2024-12-24 15:37:27');
INSERT INTO `lq_operationlog` VALUES (93, 3, 4, '设置>权限设置', '角色分页查询', '2024-12-24 15:56:44', '搜索条件->角色名称：', 1, 3, '2024-12-24 15:56:44', 3, '2024-12-24 15:56:44');
INSERT INTO `lq_operationlog` VALUES (94, 3, 4, '设置>权限设置', '角色分页查询', '2024-12-24 16:43:57', '搜索条件->角色名称：', 1, 3, '2024-12-24 16:43:57', 3, '2024-12-24 16:43:57');
INSERT INTO `lq_operationlog` VALUES (95, 3, 4, '设置>权限设置', '角色分页查询', '2024-12-24 16:52:36', '搜索条件->角色名称：', 1, 3, '2024-12-24 16:52:36', 3, '2024-12-24 16:52:36');
INSERT INTO `lq_operationlog` VALUES (96, 3, 4, '设置>权限设置', '角色分页查询', '2024-12-24 16:52:41', '搜索条件->角色名称：aa', 1, 3, '2024-12-24 16:52:41', 3, '2024-12-24 16:52:41');
INSERT INTO `lq_operationlog` VALUES (97, 3, 4, '设置>权限设置', '角色分页查询', '2024-12-24 16:52:57', '搜索条件->角色名称：', 1, 3, '2024-12-24 16:52:57', 3, '2024-12-24 16:52:57');
INSERT INTO `lq_operationlog` VALUES (98, 3, 4, '系统监控>日志管理', '系统日志分页查询', '2024-12-24 16:53:03', '搜索条件->操作人：;开始时间：;结束时间：', 1, 3, '2024-12-24 16:53:03', 3, '2024-12-24 16:53:03');
INSERT INTO `lq_operationlog` VALUES (99, 3, 4, '系统监控>日志管理', '系统日志分页查询', '2024-12-24 16:53:10', '搜索条件->操作人：;开始时间：;结束时间：', 1, 3, '2024-12-24 16:53:10', 3, '2024-12-24 16:53:10');
INSERT INTO `lq_operationlog` VALUES (100, 3, 4, '系统监控>日志管理', '系统日志分页查询', '2024-12-24 16:53:21', '搜索条件->操作人：;开始时间：;结束时间：', 1, 3, '2024-12-24 16:53:21', 3, '2024-12-24 16:53:21');
INSERT INTO `lq_operationlog` VALUES (101, 3, 10, '系统登陆', '人员登陆', '2024-12-27 09:50:41', '账号：Aabbye', 1, 3, '2024-12-27 09:50:41', 3, '2024-12-27 09:50:41');
INSERT INTO `lq_operationlog` VALUES (102, 3, 4, '系统监控>日志管理', '系统日志分页查询', '2024-12-27 09:50:48', '搜索条件->操作人：;开始时间：;结束时间：', 1, 3, '2024-12-27 09:50:48', 3, '2024-12-27 09:50:48');
INSERT INTO `lq_operationlog` VALUES (103, 3, 4, '系统监控>日志管理', '系统日志分页查询', '2024-12-27 09:50:54', '搜索条件->操作人：;开始时间：;结束时间：', 1, 3, '2024-12-27 09:50:54', 3, '2024-12-27 09:50:54');
INSERT INTO `lq_operationlog` VALUES (104, 3, 4, '系统监控>日志管理', '系统日志分页查询', '2024-12-27 09:52:38', '搜索条件->操作人：;开始时间：;结束时间：', 1, 3, '2024-12-27 09:52:38', 3, '2024-12-27 09:52:38');
INSERT INTO `lq_operationlog` VALUES (105, 3, 4, '系统监控>日志管理', '系统日志分页查询', '2024-12-27 10:09:58', '搜索条件->操作人：;开始时间：;结束时间：', 1, 3, '2024-12-27 10:09:58', 3, '2024-12-27 10:09:58');
INSERT INTO `lq_operationlog` VALUES (106, 3, 4, '系统监控>日志管理', '系统日志分页查询', '2024-12-27 10:10:11', '搜索条件->操作人：;开始时间：;结束时间：', 1, 3, '2024-12-27 10:10:11', 3, '2024-12-27 10:10:11');
INSERT INTO `lq_operationlog` VALUES (107, 3, 4, '设置>权限设置', '角色分页查询', '2024-12-27 10:10:30', '搜索条件->角色名称：', 1, 3, '2024-12-27 10:10:30', 3, '2024-12-27 10:10:30');
INSERT INTO `lq_operationlog` VALUES (108, 3, 4, '设置>权限设置', '角色分页查询', '2024-12-27 10:19:39', '搜索条件->角色名称：', 1, 3, '2024-12-27 10:19:39', 3, '2024-12-27 10:19:39');
INSERT INTO `lq_operationlog` VALUES (109, 3, 4, '设置>权限设置', '角色分页查询', '2024-12-27 10:35:53', '搜索条件->角色名称：', 1, 3, '2024-12-27 10:35:53', 3, '2024-12-27 10:35:53');
INSERT INTO `lq_operationlog` VALUES (110, 3, 4, '设置>权限设置', '角色分页查询', '2024-12-27 10:39:10', '搜索条件->角色名称：', 1, 3, '2024-12-27 10:39:10', 3, '2024-12-27 10:39:10');
INSERT INTO `lq_operationlog` VALUES (111, 3, 4, '设置>权限设置', '角色分页查询', '2024-12-27 10:39:55', '搜索条件->角色名称：', 1, 3, '2024-12-27 10:39:55', 3, '2024-12-27 10:39:55');
INSERT INTO `lq_operationlog` VALUES (112, 3, 4, '设置>权限设置', '角色分页查询', '2024-12-27 10:40:13', '搜索条件->角色名称：', 1, 3, '2024-12-27 10:40:13', 3, '2024-12-27 10:40:13');
INSERT INTO `lq_operationlog` VALUES (113, 3, 4, '设置>权限设置', '角色分页查询', '2024-12-27 10:43:51', '搜索条件->角色名称：', 1, 3, '2024-12-27 10:43:51', 3, '2024-12-27 10:43:51');
INSERT INTO `lq_operationlog` VALUES (114, 3, 4, '设置>权限设置', '角色分页查询', '2024-12-27 10:43:57', '搜索条件->角色名称：', 1, 3, '2024-12-27 10:43:57', 3, '2024-12-27 10:43:57');
INSERT INTO `lq_operationlog` VALUES (115, 3, 4, '设置>权限设置', '角色分页查询', '2024-12-27 10:45:16', '搜索条件->角色名称：', 1, 3, '2024-12-27 10:45:16', 3, '2024-12-27 10:45:16');
INSERT INTO `lq_operationlog` VALUES (116, 3, 4, '设置>权限设置', '角色分页查询', '2024-12-27 10:45:24', '搜索条件->角色名称：', 1, 3, '2024-12-27 10:45:24', 3, '2024-12-27 10:45:24');
INSERT INTO `lq_operationlog` VALUES (117, 3, 4, '设置>权限设置', '角色分页查询', '2024-12-27 10:45:29', '搜索条件->角色名称：', 1, 3, '2024-12-27 10:45:29', 3, '2024-12-27 10:45:29');
INSERT INTO `lq_operationlog` VALUES (118, 3, 4, '设置>权限设置', '角色分页查询', '2024-12-27 10:45:54', '搜索条件->角色名称：', 1, 3, '2024-12-27 10:45:54', 3, '2024-12-27 10:45:54');
INSERT INTO `lq_operationlog` VALUES (119, 3, 4, '设置>权限设置', '角色分页查询', '2024-12-27 10:47:14', '搜索条件->角色名称：', 1, 3, '2024-12-27 10:47:14', 3, '2024-12-27 10:47:14');
INSERT INTO `lq_operationlog` VALUES (120, 3, 4, '设置>权限设置', '角色分页查询', '2024-12-27 10:53:54', '搜索条件->角色名称：', 1, 3, '2024-12-27 10:53:54', 3, '2024-12-27 10:53:54');
INSERT INTO `lq_operationlog` VALUES (121, 3, 4, '设置>权限设置', '角色分页查询', '2024-12-27 10:54:15', '搜索条件->角色名称：', 1, 3, '2024-12-27 10:54:15', 3, '2024-12-27 10:54:15');
INSERT INTO `lq_operationlog` VALUES (122, 3, 4, '设置>权限设置', '角色分页查询', '2024-12-27 10:55:12', '搜索条件->角色名称：', 1, 3, '2024-12-27 10:55:12', 3, '2024-12-27 10:55:12');
INSERT INTO `lq_operationlog` VALUES (123, 3, 4, '设置>权限设置', '角色分页查询', '2024-12-27 10:55:46', '搜索条件->角色名称：', 1, 3, '2024-12-27 10:55:46', 3, '2024-12-27 10:55:46');
INSERT INTO `lq_operationlog` VALUES (124, 3, 4, '设置>权限设置', '角色分页查询', '2024-12-27 10:55:46', '搜索条件->角色名称：', 1, 3, '2024-12-27 10:55:46', 3, '2024-12-27 10:55:46');
INSERT INTO `lq_operationlog` VALUES (125, 3, 4, '设置>权限设置', '角色分页查询', '2024-12-27 10:58:01', '搜索条件->角色名称：', 1, 3, '2024-12-27 10:58:01', 3, '2024-12-27 10:58:01');
INSERT INTO `lq_operationlog` VALUES (126, 3, 4, '设置>权限设置', '角色分页查询', '2024-12-27 11:04:03', '搜索条件->角色名称：', 1, 3, '2024-12-27 11:04:03', 3, '2024-12-27 11:04:03');
INSERT INTO `lq_operationlog` VALUES (127, 3, 4, '设置>权限设置', '角色分页查询', '2024-12-27 11:16:19', '搜索条件->角色名称：', 1, 3, '2024-12-27 11:16:19', 3, '2024-12-27 11:16:19');
INSERT INTO `lq_operationlog` VALUES (128, 3, 4, '设置>权限设置', '角色分页查询', '2024-12-27 11:24:24', '搜索条件->角色名称：', 1, 3, '2024-12-27 11:24:24', 3, '2024-12-27 11:24:24');
INSERT INTO `lq_operationlog` VALUES (129, 3, 4, '设置>权限设置', '角色分页查询', '2024-12-27 11:24:36', '搜索条件->角色名称：', 1, 3, '2024-12-27 11:24:36', 3, '2024-12-27 11:24:36');
INSERT INTO `lq_operationlog` VALUES (130, 3, 4, '设置>权限设置', '角色分页查询', '2024-12-27 11:24:53', '搜索条件->角色名称：', 1, 3, '2024-12-27 11:24:53', 3, '2024-12-27 11:24:53');
INSERT INTO `lq_operationlog` VALUES (131, 3, 4, '设置>权限设置', '角色分页查询', '2024-12-27 11:30:56', '搜索条件->角色名称：', 1, 3, '2024-12-27 11:30:56', 3, '2024-12-27 11:30:56');
INSERT INTO `lq_operationlog` VALUES (132, 3, 4, '设置>权限设置', '角色分页查询', '2024-12-27 11:35:11', '搜索条件->角色名称：', 1, 3, '2024-12-27 11:35:11', 3, '2024-12-27 11:35:11');
INSERT INTO `lq_operationlog` VALUES (133, 3, 4, '设置>权限设置', '角色分页查询', '2024-12-27 11:35:11', '搜索条件->角色名称：', 1, 3, '2024-12-27 11:35:11', 3, '2024-12-27 11:35:11');
INSERT INTO `lq_operationlog` VALUES (134, 3, 4, '设置>权限设置', '角色分页查询', '2024-12-27 11:35:11', '搜索条件->角色名称：', 1, 3, '2024-12-27 11:35:11', 3, '2024-12-27 11:35:11');
INSERT INTO `lq_operationlog` VALUES (135, 3, 4, '设置>权限设置', '角色分页查询', '2024-12-27 11:35:52', '搜索条件->角色名称：', 1, 3, '2024-12-27 11:35:52', 3, '2024-12-27 11:35:52');
INSERT INTO `lq_operationlog` VALUES (136, 3, 4, '设置>权限设置', '角色分页查询', '2024-12-27 11:36:24', '搜索条件->角色名称：', 1, 3, '2024-12-27 11:36:24', 3, '2024-12-27 11:36:24');
INSERT INTO `lq_operationlog` VALUES (137, 3, 4, '设置>权限设置', '角色分页查询', '2024-12-27 11:58:18', '搜索条件->角色名称：', 1, 3, '2024-12-27 11:58:18', 3, '2024-12-27 11:58:18');
INSERT INTO `lq_operationlog` VALUES (138, 3, 4, '设置>权限设置', '角色分页查询', '2024-12-27 13:31:25', '搜索条件->角色名称：', 1, 3, '2024-12-27 13:31:25', 3, '2024-12-27 13:31:25');
INSERT INTO `lq_operationlog` VALUES (139, 3, 4, '设置>权限设置', '角色分页查询', '2024-12-27 13:32:49', '搜索条件->角色名称：', 1, 3, '2024-12-27 13:32:49', 3, '2024-12-27 13:32:49');
INSERT INTO `lq_operationlog` VALUES (140, 3, 4, '设置>权限设置', '角色分页查询', '2024-12-27 13:51:17', '搜索条件->角色名称：', 1, 3, '2024-12-27 13:51:17', 3, '2024-12-27 13:51:17');
INSERT INTO `lq_operationlog` VALUES (141, 3, 4, '设置>权限设置', '角色分页查询', '2024-12-27 13:52:37', '搜索条件->角色名称：', 1, 3, '2024-12-27 13:52:37', 3, '2024-12-27 13:52:37');
INSERT INTO `lq_operationlog` VALUES (142, 3, 4, '设置>权限设置', '角色分页查询', '2024-12-27 13:53:06', '搜索条件->角色名称：', 1, 3, '2024-12-27 13:53:06', 3, '2024-12-27 13:53:06');
INSERT INTO `lq_operationlog` VALUES (143, 3, 4, '设置>权限设置', '角色分页查询', '2024-12-27 13:57:36', '搜索条件->角色名称：', 1, 3, '2024-12-27 13:57:36', 3, '2024-12-27 13:57:36');
INSERT INTO `lq_operationlog` VALUES (144, 3, 4, '设置>权限设置', '角色分页查询', '2024-12-27 14:04:35', '搜索条件->角色名称：', 1, 3, '2024-12-27 14:04:35', 3, '2024-12-27 14:04:35');
INSERT INTO `lq_operationlog` VALUES (145, 3, 4, '设置>权限设置', '角色分页查询', '2024-12-27 14:04:39', '搜索条件->角色名称：', 1, 3, '2024-12-27 14:04:39', 3, '2024-12-27 14:04:39');
INSERT INTO `lq_operationlog` VALUES (146, 3, 4, '设置>权限设置', '角色分页查询', '2024-12-27 14:05:31', '搜索条件->角色名称：', 1, 3, '2024-12-27 14:05:31', 3, '2024-12-27 14:05:31');
INSERT INTO `lq_operationlog` VALUES (147, 3, 4, '设置>权限设置', '角色分页查询', '2024-12-27 14:07:16', '搜索条件->角色名称：', 1, 3, '2024-12-27 14:07:16', 3, '2024-12-27 14:07:16');
INSERT INTO `lq_operationlog` VALUES (148, 3, 4, '设置>权限设置', '角色分页查询', '2024-12-27 14:07:41', '搜索条件->角色名称：', 1, 3, '2024-12-27 14:07:41', 3, '2024-12-27 14:07:41');
INSERT INTO `lq_operationlog` VALUES (149, 3, 4, '设置>权限设置', '角色分页查询', '2024-12-27 14:08:23', '搜索条件->角色名称：', 1, 3, '2024-12-27 14:08:23', 3, '2024-12-27 14:08:23');
INSERT INTO `lq_operationlog` VALUES (150, 3, 4, '设置>权限设置', '角色分页查询', '2024-12-27 14:09:49', '搜索条件->角色名称：', 1, 3, '2024-12-27 14:09:49', 3, '2024-12-27 14:09:49');
INSERT INTO `lq_operationlog` VALUES (151, 3, 4, '设置>权限设置', '角色分页查询', '2024-12-27 14:11:34', '搜索条件->角色名称：', 1, 3, '2024-12-27 14:11:34', 3, '2024-12-27 14:11:34');
INSERT INTO `lq_operationlog` VALUES (152, 3, 4, '设置>权限设置', '角色分页查询', '2024-12-27 14:15:16', '搜索条件->角色名称：', 1, 3, '2024-12-27 14:15:16', 3, '2024-12-27 14:15:16');
INSERT INTO `lq_operationlog` VALUES (153, 3, 4, '系统监控>日志管理', '系统日志分页查询', '2024-12-27 14:27:08', '搜索条件->操作人：;开始时间：;结束时间：', 1, 3, '2024-12-27 14:27:08', 3, '2024-12-27 14:27:08');
INSERT INTO `lq_operationlog` VALUES (154, 3, 4, '系统监控>日志管理', '系统日志分页查询', '2024-12-27 14:30:46', '搜索条件->操作人：;开始时间：;结束时间：', 1, 3, '2024-12-27 14:30:46', 3, '2024-12-27 14:30:46');
INSERT INTO `lq_operationlog` VALUES (155, 3, 4, '系统监控>日志管理', '系统日志分页查询', '2024-12-27 14:31:55', '搜索条件->操作人：;开始时间：;结束时间：', 1, 3, '2024-12-27 14:31:55', 3, '2024-12-27 14:31:55');
INSERT INTO `lq_operationlog` VALUES (156, 3, 4, '系统监控>日志管理', '系统日志分页查询', '2024-12-27 14:32:05', '搜索条件->操作人：;开始时间：2024-12-26;结束时间：2024-12-27', 1, 3, '2024-12-27 14:32:05', 3, '2024-12-27 14:32:05');
INSERT INTO `lq_operationlog` VALUES (157, 3, 4, '系统监控>日志管理', '系统日志分页查询', '2024-12-27 14:32:15', '搜索条件->操作人：兰;开始时间：2024-12-26;结束时间：2024-12-27', 1, 3, '2024-12-27 14:32:15', 3, '2024-12-27 14:32:15');
INSERT INTO `lq_operationlog` VALUES (158, 3, 4, '系统监控>日志管理', '系统日志分页查询', '2024-12-27 14:32:18', '搜索条件->操作人：;开始时间：2024-12-26;结束时间：2024-12-27', 1, 3, '2024-12-27 14:32:18', 3, '2024-12-27 14:32:18');
INSERT INTO `lq_operationlog` VALUES (159, 3, 4, '系统监控>日志管理', '系统日志分页查询', '2024-12-27 14:32:21', '搜索条件->操作人：;开始时间：;结束时间：', 1, 3, '2024-12-27 14:32:21', 3, '2024-12-27 14:32:21');
INSERT INTO `lq_operationlog` VALUES (160, 3, 4, '设置>权限设置', '角色分页查询', '2024-12-27 15:05:00', '搜索条件->角色名称：', 1, 3, '2024-12-27 15:05:00', 3, '2024-12-27 15:05:00');
INSERT INTO `lq_operationlog` VALUES (161, 3, 4, '设置>权限设置', '角色分页查询', '2024-12-27 15:05:47', '搜索条件->角色名称：', 1, 3, '2024-12-27 15:05:47', 3, '2024-12-27 15:05:47');
INSERT INTO `lq_operationlog` VALUES (162, 3, 4, '设置>权限设置', '角色分页查询', '2024-12-27 15:06:27', '搜索条件->角色名称：', 1, 3, '2024-12-27 15:06:27', 3, '2024-12-27 15:06:27');
INSERT INTO `lq_operationlog` VALUES (163, 3, 4, '设置>权限设置', '角色分页查询', '2024-12-27 15:07:09', '搜索条件->角色名称：', 1, 3, '2024-12-27 15:07:09', 3, '2024-12-27 15:07:09');
INSERT INTO `lq_operationlog` VALUES (164, 3, 4, '设置>权限设置', '角色分页查询', '2024-12-27 15:08:02', '搜索条件->角色名称：', 1, 3, '2024-12-27 15:08:02', 3, '2024-12-27 15:08:02');
INSERT INTO `lq_operationlog` VALUES (165, 3, 4, '系统监控>日志管理', '系统日志分页查询', '2024-12-27 15:08:06', '搜索条件->操作人：;开始时间：;结束时间：', 1, 3, '2024-12-27 15:08:06', 3, '2024-12-27 15:08:06');
INSERT INTO `lq_operationlog` VALUES (166, 3, 4, '系统监控>日志管理', '系统日志分页查询', '2024-12-27 15:09:15', '搜索条件->操作人：;开始时间：;结束时间：', 1, 3, '2024-12-27 15:09:15', 3, '2024-12-27 15:09:15');
INSERT INTO `lq_operationlog` VALUES (167, 3, 4, '系统监控>日志管理', '系统日志分页查询', '2024-12-27 15:09:37', '搜索条件->操作人：;开始时间：;结束时间：', 1, 3, '2024-12-27 15:09:37', 3, '2024-12-27 15:09:37');
INSERT INTO `lq_operationlog` VALUES (168, 3, 4, '系统监控>日志管理', '系统日志分页查询', '2024-12-27 15:10:10', '搜索条件->操作人：;开始时间：;结束时间：', 1, 3, '2024-12-27 15:10:10', 3, '2024-12-27 15:10:10');
INSERT INTO `lq_operationlog` VALUES (169, 3, 4, '系统监控>日志管理', '系统日志分页查询', '2024-12-27 15:10:32', '搜索条件->操作人：;开始时间：;结束时间：', 1, 3, '2024-12-27 15:10:32', 3, '2024-12-27 15:10:32');
INSERT INTO `lq_operationlog` VALUES (170, 3, 4, '系统监控>日志管理', '系统日志分页查询', '2024-12-27 15:11:40', '搜索条件->操作人：;开始时间：;结束时间：', 1, 3, '2024-12-27 15:11:40', 3, '2024-12-27 15:11:40');
INSERT INTO `lq_operationlog` VALUES (171, 3, 4, '系统监控>日志管理', '系统日志分页查询', '2024-12-27 15:12:05', '搜索条件->操作人：;开始时间：;结束时间：', 1, 3, '2024-12-27 15:12:05', 3, '2024-12-27 15:12:05');
INSERT INTO `lq_operationlog` VALUES (172, 3, 4, '系统监控>日志管理', '系统日志分页查询', '2024-12-27 15:12:21', '搜索条件->操作人：;开始时间：;结束时间：', 1, 3, '2024-12-27 15:12:21', 3, '2024-12-27 15:12:21');
INSERT INTO `lq_operationlog` VALUES (173, 3, 4, '系统监控>日志管理', '系统日志分页查询', '2024-12-27 15:12:22', '搜索条件->操作人：;开始时间：;结束时间：', 1, 3, '2024-12-27 15:12:22', 3, '2024-12-27 15:12:22');
INSERT INTO `lq_operationlog` VALUES (174, 3, 4, '系统监控>日志管理', '系统日志分页查询', '2024-12-27 15:12:23', '搜索条件->操作人：;开始时间：;结束时间：', 1, 3, '2024-12-27 15:12:23', 3, '2024-12-27 15:12:23');
INSERT INTO `lq_operationlog` VALUES (175, 3, 4, '系统监控>日志管理', '系统日志分页查询', '2024-12-27 15:12:24', '搜索条件->操作人：;开始时间：;结束时间：', 1, 3, '2024-12-27 15:12:24', 3, '2024-12-27 15:12:24');
INSERT INTO `lq_operationlog` VALUES (176, 3, 4, '系统监控>日志管理', '系统日志分页查询', '2024-12-27 15:12:25', '搜索条件->操作人：;开始时间：;结束时间：', 1, 3, '2024-12-27 15:12:25', 3, '2024-12-27 15:12:25');
INSERT INTO `lq_operationlog` VALUES (177, 3, 4, '系统监控>日志管理', '系统日志分页查询', '2024-12-27 15:12:27', '搜索条件->操作人：;开始时间：;结束时间：', 1, 3, '2024-12-27 15:12:27', 3, '2024-12-27 15:12:27');
INSERT INTO `lq_operationlog` VALUES (178, 3, 4, '系统监控>日志管理', '系统日志分页查询', '2024-12-27 15:12:28', '搜索条件->操作人：;开始时间：;结束时间：', 1, 3, '2024-12-27 15:12:28', 3, '2024-12-27 15:12:28');
INSERT INTO `lq_operationlog` VALUES (179, 3, 4, '系统监控>日志管理', '系统日志分页查询', '2024-12-27 15:12:28', '搜索条件->操作人：;开始时间：;结束时间：', 1, 3, '2024-12-27 15:12:28', 3, '2024-12-27 15:12:28');
INSERT INTO `lq_operationlog` VALUES (180, 3, 4, '系统监控>日志管理', '系统日志分页查询', '2024-12-27 15:12:29', '搜索条件->操作人：;开始时间：;结束时间：', 1, 3, '2024-12-27 15:12:29', 3, '2024-12-27 15:12:29');
INSERT INTO `lq_operationlog` VALUES (181, 3, 4, '系统监控>日志管理', '系统日志分页查询', '2024-12-27 15:12:29', '搜索条件->操作人：;开始时间：;结束时间：', 1, 3, '2024-12-27 15:12:29', 3, '2024-12-27 15:12:29');
INSERT INTO `lq_operationlog` VALUES (182, 3, 4, '系统监控>日志管理', '系统日志分页查询', '2024-12-27 15:12:38', '搜索条件->操作人：;开始时间：;结束时间：', 1, 3, '2024-12-27 15:12:38', 3, '2024-12-27 15:12:38');
INSERT INTO `lq_operationlog` VALUES (183, 3, 4, '系统监控>日志管理', '系统日志分页查询', '2024-12-27 15:13:10', '搜索条件->操作人：;开始时间：;结束时间：', 1, 3, '2024-12-27 15:13:10', 3, '2024-12-27 15:13:10');
INSERT INTO `lq_operationlog` VALUES (184, 3, 4, '系统监控>日志管理', '系统日志分页查询', '2024-12-27 15:13:17', '搜索条件->操作人：;开始时间：;结束时间：', 1, 3, '2024-12-27 15:13:17', 3, '2024-12-27 15:13:17');
INSERT INTO `lq_operationlog` VALUES (185, 3, 4, '设置>权限设置', '角色分页查询', '2024-12-27 15:13:22', '搜索条件->角色名称：', 1, 3, '2024-12-27 15:13:22', 3, '2024-12-27 15:13:22');
INSERT INTO `lq_operationlog` VALUES (186, 3, 4, '系统监控>日志管理', '系统日志分页查询', '2024-12-27 15:14:28', '搜索条件->操作人：;开始时间：;结束时间：', 1, 3, '2024-12-27 15:14:28', 3, '2024-12-27 15:14:28');
INSERT INTO `lq_operationlog` VALUES (187, 3, 4, '设置>权限设置', '角色分页查询', '2024-12-27 15:18:48', '搜索条件->角色名称：', 1, 3, '2024-12-27 15:18:48', 3, '2024-12-27 15:18:48');
INSERT INTO `lq_operationlog` VALUES (188, 3, 4, '系统监控>日志管理', '系统日志分页查询', '2024-12-27 15:18:56', '搜索条件->操作人：;开始时间：;结束时间：', 1, 3, '2024-12-27 15:18:56', 3, '2024-12-27 15:18:56');
INSERT INTO `lq_operationlog` VALUES (189, 3, 4, '系统监控>日志管理', '系统日志分页查询', '2024-12-27 15:19:02', '搜索条件->操作人：;开始时间：;结束时间：', 1, 3, '2024-12-27 15:19:02', 3, '2024-12-27 15:19:02');
INSERT INTO `lq_operationlog` VALUES (190, 3, 4, '系统监控>日志管理', '系统日志分页查询', '2024-12-27 15:19:03', '搜索条件->操作人：;开始时间：;结束时间：', 1, 3, '2024-12-27 15:19:03', 3, '2024-12-27 15:19:03');
INSERT INTO `lq_operationlog` VALUES (191, 3, 4, '系统监控>日志管理', '系统日志分页查询', '2024-12-27 15:19:04', '搜索条件->操作人：;开始时间：;结束时间：', 1, 3, '2024-12-27 15:19:04', 3, '2024-12-27 15:19:04');
INSERT INTO `lq_operationlog` VALUES (192, 3, 4, '系统监控>日志管理', '系统日志分页查询', '2024-12-27 15:19:05', '搜索条件->操作人：;开始时间：;结束时间：', 1, 3, '2024-12-27 15:19:05', 3, '2024-12-27 15:19:05');
INSERT INTO `lq_operationlog` VALUES (193, 3, 4, '系统监控>日志管理', '系统日志分页查询', '2024-12-27 15:19:05', '搜索条件->操作人：;开始时间：;结束时间：', 1, 3, '2024-12-27 15:19:05', 3, '2024-12-27 15:19:05');
INSERT INTO `lq_operationlog` VALUES (194, 3, 4, '系统监控>日志管理', '系统日志分页查询', '2024-12-27 15:19:06', '搜索条件->操作人：;开始时间：;结束时间：', 1, 3, '2024-12-27 15:19:06', 3, '2024-12-27 15:19:06');
INSERT INTO `lq_operationlog` VALUES (195, 3, 4, '系统监控>日志管理', '系统日志分页查询', '2024-12-27 15:19:06', '搜索条件->操作人：;开始时间：;结束时间：', 1, 3, '2024-12-27 15:19:06', 3, '2024-12-27 15:19:06');
INSERT INTO `lq_operationlog` VALUES (196, 3, 4, '系统监控>日志管理', '系统日志分页查询', '2024-12-27 15:19:06', '搜索条件->操作人：;开始时间：;结束时间：', 1, 3, '2024-12-27 15:19:06', 3, '2024-12-27 15:19:06');
INSERT INTO `lq_operationlog` VALUES (197, 3, 4, '系统监控>日志管理', '系统日志分页查询', '2024-12-27 15:19:06', '搜索条件->操作人：;开始时间：;结束时间：', 1, 3, '2024-12-27 15:19:06', 3, '2024-12-27 15:19:06');
INSERT INTO `lq_operationlog` VALUES (198, 3, 4, '系统监控>日志管理', '系统日志分页查询', '2024-12-27 15:19:06', '搜索条件->操作人：;开始时间：;结束时间：', 1, 3, '2024-12-27 15:19:06', 3, '2024-12-27 15:19:06');
INSERT INTO `lq_operationlog` VALUES (199, 3, 4, '系统监控>日志管理', '系统日志分页查询', '2024-12-27 15:19:06', '搜索条件->操作人：;开始时间：;结束时间：', 1, 3, '2024-12-27 15:19:06', 3, '2024-12-27 15:19:06');
INSERT INTO `lq_operationlog` VALUES (200, 3, 4, '系统监控>日志管理', '系统日志分页查询', '2024-12-27 15:19:07', '搜索条件->操作人：;开始时间：;结束时间：', 1, 3, '2024-12-27 15:19:07', 3, '2024-12-27 15:19:07');
INSERT INTO `lq_operationlog` VALUES (201, 3, 4, '系统监控>日志管理', '系统日志分页查询', '2024-12-27 15:19:07', '搜索条件->操作人：;开始时间：;结束时间：', 1, 3, '2024-12-27 15:19:07', 3, '2024-12-27 15:19:07');
INSERT INTO `lq_operationlog` VALUES (202, 3, 4, '系统监控>日志管理', '系统日志分页查询', '2024-12-27 15:19:07', '搜索条件->操作人：;开始时间：;结束时间：', 1, 3, '2024-12-27 15:19:07', 3, '2024-12-27 15:19:07');
INSERT INTO `lq_operationlog` VALUES (203, 3, 4, '系统监控>日志管理', '系统日志分页查询', '2024-12-27 15:19:07', '搜索条件->操作人：;开始时间：;结束时间：', 1, 3, '2024-12-27 15:19:07', 3, '2024-12-27 15:19:07');
INSERT INTO `lq_operationlog` VALUES (204, 3, 4, '系统监控>日志管理', '系统日志分页查询', '2024-12-27 15:19:07', '搜索条件->操作人：;开始时间：;结束时间：', 1, 3, '2024-12-27 15:19:07', 3, '2024-12-27 15:19:07');
INSERT INTO `lq_operationlog` VALUES (205, 3, 4, '系统监控>日志管理', '系统日志分页查询', '2024-12-27 15:19:07', '搜索条件->操作人：;开始时间：;结束时间：', 1, 3, '2024-12-27 15:19:07', 3, '2024-12-27 15:19:07');
INSERT INTO `lq_operationlog` VALUES (206, 3, 4, '系统监控>日志管理', '系统日志分页查询', '2024-12-27 15:19:08', '搜索条件->操作人：;开始时间：;结束时间：', 1, 3, '2024-12-27 15:19:08', 3, '2024-12-27 15:19:08');
INSERT INTO `lq_operationlog` VALUES (207, 3, 4, '系统监控>日志管理', '系统日志分页查询', '2024-12-27 15:19:08', '搜索条件->操作人：;开始时间：;结束时间：', 1, 3, '2024-12-27 15:19:08', 3, '2024-12-27 15:19:08');
INSERT INTO `lq_operationlog` VALUES (208, 3, 4, '系统监控>日志管理', '系统日志分页查询', '2024-12-27 15:20:04', '搜索条件->操作人：;开始时间：;结束时间：', 1, 3, '2024-12-27 15:20:04', 3, '2024-12-27 15:20:04');
INSERT INTO `lq_operationlog` VALUES (209, 3, 4, '系统监控>日志管理', '系统日志分页查询', '2024-12-27 15:20:08', '搜索条件->操作人：;开始时间：;结束时间：', 1, 3, '2024-12-27 15:20:08', 3, '2024-12-27 15:20:08');
INSERT INTO `lq_operationlog` VALUES (210, 3, 4, '系统监控>日志管理', '系统日志分页查询', '2024-12-27 15:20:09', '搜索条件->操作人：;开始时间：;结束时间：', 1, 3, '2024-12-27 15:20:09', 3, '2024-12-27 15:20:09');
INSERT INTO `lq_operationlog` VALUES (211, 3, 4, '系统监控>日志管理', '系统日志分页查询', '2024-12-27 15:20:10', '搜索条件->操作人：;开始时间：;结束时间：', 1, 3, '2024-12-27 15:20:10', 3, '2024-12-27 15:20:10');
INSERT INTO `lq_operationlog` VALUES (212, 3, 4, '系统监控>日志管理', '系统日志分页查询', '2024-12-27 15:20:20', '搜索条件->操作人：;开始时间：;结束时间：', 1, 3, '2024-12-27 15:20:20', 3, '2024-12-27 15:20:20');
INSERT INTO `lq_operationlog` VALUES (213, 3, 4, '系统监控>日志管理', '系统日志分页查询', '2024-12-27 15:20:33', '搜索条件->操作人：;开始时间：;结束时间：', 1, 3, '2024-12-27 15:20:33', 3, '2024-12-27 15:20:33');
INSERT INTO `lq_operationlog` VALUES (214, 3, 4, '设置>权限设置', '角色分页查询', '2024-12-27 15:20:53', '搜索条件->角色名称：', 1, 3, '2024-12-27 15:20:53', 3, '2024-12-27 15:20:53');
INSERT INTO `lq_operationlog` VALUES (215, 3, 4, '设置>权限设置', '角色分页查询', '2024-12-27 15:21:11', '搜索条件->角色名称：', 1, 3, '2024-12-27 15:21:11', 3, '2024-12-27 15:21:11');
INSERT INTO `lq_operationlog` VALUES (216, 3, 10, '系统登陆', '人员登陆', '2025-01-04 09:33:44', '账号：Aabbye', 1, 3, '2025-01-04 09:33:44', 3, '2025-01-04 09:33:44');
INSERT INTO `lq_operationlog` VALUES (217, 3, 4, '系统监控>日志管理', '系统日志分页查询', '2025-01-04 09:33:55', '搜索条件->操作人：;开始时间：;结束时间：', 1, 3, '2025-01-04 09:33:55', 3, '2025-01-04 09:33:55');
INSERT INTO `lq_operationlog` VALUES (218, 3, 4, '系统监控>日志管理', '系统日志分页查询', '2025-01-04 09:34:08', '搜索条件->操作人：;开始时间：;结束时间：', 1, 3, '2025-01-04 09:34:08', 3, '2025-01-04 09:34:08');
INSERT INTO `lq_operationlog` VALUES (219, 3, 4, '系统监控>日志管理', '系统日志分页查询', '2025-01-04 09:34:09', '搜索条件->操作人：;开始时间：;结束时间：', 1, 3, '2025-01-04 09:34:09', 3, '2025-01-04 09:34:09');
INSERT INTO `lq_operationlog` VALUES (220, 3, 4, '系统监控>日志管理', '系统日志分页查询', '2025-01-04 09:34:18', '搜索条件->操作人：;开始时间：;结束时间：', 1, 3, '2025-01-04 09:34:18', 3, '2025-01-04 09:34:18');
INSERT INTO `lq_operationlog` VALUES (221, 3, 4, '设置>权限设置', '角色分页查询', '2025-01-04 09:34:27', '搜索条件->角色名称：', 1, 3, '2025-01-04 09:34:27', 3, '2025-01-04 09:34:27');
INSERT INTO `lq_operationlog` VALUES (222, 3, 10, '系统登陆', '人员登陆', '2025-01-04 10:29:44', '账号：Aabbye', 1, 3, '2025-01-04 10:29:44', 3, '2025-01-04 10:29:44');
INSERT INTO `lq_operationlog` VALUES (223, 3, 10, '系统登陆', '人员登陆', '2025-01-04 10:32:30', '账号：Aabbye', 1, 3, '2025-01-04 10:32:30', 3, '2025-01-04 10:32:30');
INSERT INTO `lq_operationlog` VALUES (224, 3, 10, '系统登陆', '人员登陆', '2025-01-04 10:35:15', '账号：Aabbye', 1, 3, '2025-01-04 10:35:15', 3, '2025-01-04 10:35:15');
INSERT INTO `lq_operationlog` VALUES (225, 3, 10, '系统登陆', '人员登陆', '2025-01-04 10:35:42', '账号：Aabbye', 1, 3, '2025-01-04 10:35:42', 3, '2025-01-04 10:35:42');
INSERT INTO `lq_operationlog` VALUES (226, 3, 10, '系统登陆', '人员登陆', '2025-01-04 10:36:30', '账号：Aabbye', 1, 3, '2025-01-04 10:36:30', 3, '2025-01-04 10:36:30');
INSERT INTO `lq_operationlog` VALUES (227, 3, 10, '系统登陆', '人员登陆', '2025-01-04 10:37:32', '账号：Aabbye', 1, 3, '2025-01-04 10:37:32', 3, '2025-01-04 10:37:32');
INSERT INTO `lq_operationlog` VALUES (228, 3, 10, '系统登陆', '人员登陆', '2025-01-04 10:39:07', '账号：Aabbye', 1, 3, '2025-01-04 10:39:07', 3, '2025-01-04 10:39:07');
INSERT INTO `lq_operationlog` VALUES (229, 3, 10, '系统登陆', '人员登陆', '2025-01-04 10:40:53', '账号：Aabbye', 1, 3, '2025-01-04 10:40:53', 3, '2025-01-04 10:40:53');
INSERT INTO `lq_operationlog` VALUES (230, 3, 10, '系统登陆', '人员登陆', '2025-01-04 10:42:01', '账号：Aabbye', 1, 3, '2025-01-04 10:42:01', 3, '2025-01-04 10:42:01');
INSERT INTO `lq_operationlog` VALUES (231, 3, 10, '系统登陆', '人员登陆', '2025-01-04 10:42:56', '账号：Aabbye', 1, 3, '2025-01-04 10:42:56', 3, '2025-01-04 10:42:56');
INSERT INTO `lq_operationlog` VALUES (232, 3, 10, '系统登陆', '人员登陆', '2025-01-04 11:51:29', '账号：Aabbye', 1, 3, '2025-01-04 11:51:29', 3, '2025-01-04 11:51:29');
INSERT INTO `lq_operationlog` VALUES (233, 3, 10, '系统登陆', '人员登陆', '2025-01-08 15:55:21', '账号：Aabbye', 1, 3, '2025-01-08 15:55:21', 3, '2025-01-08 15:55:21');
INSERT INTO `lq_operationlog` VALUES (234, 3, 10, '系统登陆', '人员登陆', '2025-01-08 16:06:50', '账号：Aabbye', 1, 3, '2025-01-08 16:06:50', 3, '2025-01-08 16:06:50');
INSERT INTO `lq_operationlog` VALUES (235, 3, 10, '系统登陆', '人员登陆', '2025-01-08 16:10:25', '账号：Aabbye', 1, 3, '2025-01-08 16:10:25', 3, '2025-01-08 16:10:25');
INSERT INTO `lq_operationlog` VALUES (236, 3, 1, '用户>个人信息', '用户修改个人信息', '2025-01-08 16:10:41', '用户修改个人信息！', 1, 3, '2025-01-08 16:10:41', 3, '2025-01-08 16:10:41');
INSERT INTO `lq_operationlog` VALUES (237, 3, 10, '系统登陆', '人员登陆', '2025-01-08 16:10:54', '账号：Aabbye', 1, 3, '2025-01-08 16:10:54', 3, '2025-01-08 16:10:54');
INSERT INTO `lq_operationlog` VALUES (238, 3, 10, '系统登陆', '人员登陆', '2025-01-08 16:12:24', '账号：Aabbye', 1, 3, '2025-01-08 16:12:24', 3, '2025-01-08 16:12:24');
INSERT INTO `lq_operationlog` VALUES (239, 3, 1, '用户>个人信息', '用户修改个人信息', '2025-01-08 16:12:40', '用户首次登陆补充个人信息！', 1, 3, '2025-01-08 16:12:40', 3, '2025-01-08 16:12:40');
INSERT INTO `lq_operationlog` VALUES (240, 3, 10, '系统登陆', '人员登陆', '2025-01-08 16:13:25', '账号：Aabbye', 1, 3, '2025-01-08 16:13:25', 3, '2025-01-08 16:13:25');
INSERT INTO `lq_operationlog` VALUES (241, 3, 1, '用户>个人信息', '用户修改个人信息', '2025-01-08 16:14:48', '用户修改个人信息！', 1, 3, '2025-01-08 16:14:48', 3, '2025-01-08 16:14:48');
INSERT INTO `lq_operationlog` VALUES (242, 3, 1, '用户>个人信息', '用户修改个人信息', '2025-01-08 16:15:30', '用户修改个人信息！', 1, 3, '2025-01-08 16:15:30', 3, '2025-01-08 16:15:30');
INSERT INTO `lq_operationlog` VALUES (243, 3, 1, '用户>个人信息', '用户修改个人信息', '2025-01-08 16:20:39', '用户修改个人信息！', 1, 3, '2025-01-08 16:20:39', 3, '2025-01-08 16:20:39');
INSERT INTO `lq_operationlog` VALUES (244, 3, 1, '用户>个人信息', '用户修改个人信息', '2025-01-08 16:21:24', '用户修改个人信息！', 1, 3, '2025-01-08 16:21:24', 3, '2025-01-08 16:21:24');
INSERT INTO `lq_operationlog` VALUES (245, 3, 10, '系统登陆', '人员登陆', '2025-01-08 16:44:32', '账号：Aabbye', 1, 3, '2025-01-08 16:44:32', 3, '2025-01-08 16:44:32');
INSERT INTO `lq_operationlog` VALUES (246, 3, 4, '系统监控>日志管理', '系统日志分页查询', '2025-01-08 16:50:04', '搜索条件->操作人：;开始时间：;结束时间：', 1, 3, '2025-01-08 16:50:04', 3, '2025-01-08 16:50:04');
INSERT INTO `lq_operationlog` VALUES (247, 3, 10, '系统登陆', '人员登陆', '2025-01-08 17:07:19', '账号：Aabbye', 1, 3, '2025-01-08 17:07:19', 3, '2025-01-08 17:07:19');
INSERT INTO `lq_operationlog` VALUES (248, 3, 4, '设置>权限设置', '角色分页查询', '2025-01-08 17:07:38', '搜索条件->角色名称：', 1, 3, '2025-01-08 17:07:38', 3, '2025-01-08 17:07:38');
INSERT INTO `lq_operationlog` VALUES (249, 3, 4, '设置>权限设置', '角色分页查询', '2025-01-08 17:09:12', '搜索条件->角色名称：', 1, 3, '2025-01-08 17:09:12', 3, '2025-01-08 17:09:12');
INSERT INTO `lq_operationlog` VALUES (250, 3, 4, '设置>权限设置', '角色分页查询', '2025-01-08 17:15:02', '搜索条件->角色名称：', 1, 3, '2025-01-08 17:15:02', 3, '2025-01-08 17:15:02');
INSERT INTO `lq_operationlog` VALUES (251, 3, 4, '系统监控>日志管理', '系统日志分页查询', '2025-01-08 17:15:12', '搜索条件->操作人：;开始时间：;结束时间：', 1, 3, '2025-01-08 17:15:12', 3, '2025-01-08 17:15:12');
INSERT INTO `lq_operationlog` VALUES (252, 3, 10, '系统登陆', '人员登陆', '2025-01-22 09:43:19', '账号：Aabbye', 1, 3, '2025-01-22 09:43:19', 3, '2025-01-22 09:43:19');
INSERT INTO `lq_operationlog` VALUES (253, 3, 10, '系统登陆', '人员登陆', '2025-01-22 09:43:48', '账号：Lxin', 1, 3, '2025-01-22 09:43:48', 3, '2025-01-22 09:43:48');
INSERT INTO `lq_operationlog` VALUES (254, 6, 10, '系统登陆', '人员登陆', '2025-01-22 09:44:26', '账号：Aabbye', 1, 6, '2025-01-22 09:44:26', 6, '2025-01-22 09:44:26');
INSERT INTO `lq_operationlog` VALUES (255, 3, 10, '系统登陆', '人员登陆', '2025-02-06 10:59:00', '账号：Aabbye', 1, 3, '2025-02-06 10:59:00', 3, '2025-02-06 10:59:00');
INSERT INTO `lq_operationlog` VALUES (256, 3, 4, '系统监控>日志管理', '系统日志分页查询', '2025-02-06 11:00:23', '搜索条件->操作人：;开始时间：;结束时间：', 1, 3, '2025-02-06 11:00:23', 3, '2025-02-06 11:00:23');
INSERT INTO `lq_operationlog` VALUES (257, 6, 10, '系统登陆', '人员登陆', '2025-02-06 11:04:18', '账号：Lxin', 1, 6, '2025-02-06 11:04:18', 6, '2025-02-06 11:04:18');
INSERT INTO `lq_operationlog` VALUES (258, 3, 4, '设置>权限设置', '角色分页查询', '2025-02-06 11:10:34', '搜索条件->角色名称：', 1, 3, '2025-02-06 11:10:34', 3, '2025-02-06 11:10:34');
INSERT INTO `lq_operationlog` VALUES (259, 3, 4, '系统监控>日志管理', '系统日志分页查询', '2025-02-06 11:16:06', '搜索条件->操作人：;开始时间：;结束时间：', 1, 3, '2025-02-06 11:16:06', 3, '2025-02-06 11:16:06');
INSERT INTO `lq_operationlog` VALUES (260, 3, 4, '系统监控>日志管理', '系统日志分页查询', '2025-02-06 11:19:24', '搜索条件->操作人：;开始时间：;结束时间：', 1, 3, '2025-02-06 11:19:24', 3, '2025-02-06 11:19:24');
INSERT INTO `lq_operationlog` VALUES (261, 3, 4, '系统监控>日志管理', '系统日志分页查询', '2025-02-06 13:31:59', '搜索条件->操作人：;开始时间：;结束时间：', 1, 3, '2025-02-06 13:31:59', 3, '2025-02-06 13:31:59');
INSERT INTO `lq_operationlog` VALUES (262, 3, 4, '系统监控>日志管理', '系统日志分页查询', '2025-02-06 13:32:16', '搜索条件->操作人：;开始时间：;结束时间：', 1, 3, '2025-02-06 13:32:16', 3, '2025-02-06 13:32:16');
INSERT INTO `lq_operationlog` VALUES (263, 3, 4, '系统监控>日志管理', '系统日志分页查询', '2025-02-06 13:32:59', '搜索条件->操作人：xiakukaung;开始时间：;结束时间：', 1, 3, '2025-02-06 13:32:59', 3, '2025-02-06 13:32:59');
INSERT INTO `lq_operationlog` VALUES (264, 3, 4, '系统监控>日志管理', '系统日志分页查询', '2025-02-06 13:34:31', '搜索条件->操作人：;开始时间：;结束时间：', 1, 3, '2025-02-06 13:34:31', 3, '2025-02-06 13:34:31');
INSERT INTO `lq_operationlog` VALUES (265, 3, 4, '系统监控>日志管理', '系统日志分页查询', '2025-02-06 13:34:54', '搜索条件->操作人：;开始时间：;结束时间：', 1, 3, '2025-02-06 13:34:54', 3, '2025-02-06 13:34:54');
INSERT INTO `lq_operationlog` VALUES (266, 3, 4, '系统监控>日志管理', '系统日志分页查询', '2025-02-06 13:35:07', '搜索条件->操作人：;开始时间：;结束时间：', 1, 3, '2025-02-06 13:35:07', 3, '2025-02-06 13:35:07');
INSERT INTO `lq_operationlog` VALUES (267, 3, 4, '系统监控>日志管理', '系统日志分页查询', '2025-02-06 13:35:14', '搜索条件->操作人：;开始时间：;结束时间：', 1, 3, '2025-02-06 13:35:14', 3, '2025-02-06 13:35:14');
INSERT INTO `lq_operationlog` VALUES (268, 3, 4, '系统监控>日志管理', '系统日志分页查询', '2025-02-06 13:35:17', '搜索条件->操作人：;开始时间：;结束时间：', 1, 3, '2025-02-06 13:35:17', 3, '2025-02-06 13:35:17');
INSERT INTO `lq_operationlog` VALUES (269, 3, 4, '系统监控>日志管理', '系统日志分页查询', '2025-02-06 13:35:21', '搜索条件->操作人：;开始时间：;结束时间：', 1, 3, '2025-02-06 13:35:21', 3, '2025-02-06 13:35:21');
INSERT INTO `lq_operationlog` VALUES (270, 3, 4, '系统监控>日志管理', '系统日志分页查询', '2025-02-06 13:35:28', '搜索条件->操作人：;开始时间：;结束时间：', 1, 3, '2025-02-06 13:35:28', 3, '2025-02-06 13:35:28');
INSERT INTO `lq_operationlog` VALUES (271, 3, 4, '系统监控>日志管理', '系统日志分页查询', '2025-02-06 13:40:27', '搜索条件->操作人：;开始时间：;结束时间：', 1, 3, '2025-02-06 13:40:27', 3, '2025-02-06 13:40:27');
INSERT INTO `lq_operationlog` VALUES (272, 3, 4, '系统监控>日志管理', '系统日志分页查询', '2025-02-06 13:40:38', '搜索条件->操作人：时光;开始时间：;结束时间：', 1, 3, '2025-02-06 13:40:38', 3, '2025-02-06 13:40:38');
INSERT INTO `lq_operationlog` VALUES (273, 3, 4, '系统监控>日志管理', '系统日志分页查询', '2025-02-06 13:40:40', '搜索条件->操作人：时光正好;开始时间：;结束时间：', 1, 3, '2025-02-06 13:40:40', 3, '2025-02-06 13:40:40');
INSERT INTO `lq_operationlog` VALUES (274, 3, 4, '系统监控>日志管理', '系统日志分页查询', '2025-02-06 13:40:43', '搜索条件->操作人：时光正;开始时间：;结束时间：', 1, 3, '2025-02-06 13:40:43', 3, '2025-02-06 13:40:43');
INSERT INTO `lq_operationlog` VALUES (275, 3, 4, '系统监控>日志管理', '系统日志分页查询', '2025-02-06 13:40:44', '搜索条件->操作人：时光;开始时间：;结束时间：', 1, 3, '2025-02-06 13:40:44', 3, '2025-02-06 13:40:44');
INSERT INTO `lq_operationlog` VALUES (276, 3, 4, '系统监控>日志管理', '系统日志分页查询', '2025-02-06 13:40:44', '搜索条件->操作人：时;开始时间：;结束时间：', 1, 3, '2025-02-06 13:40:44', 3, '2025-02-06 13:40:44');
INSERT INTO `lq_operationlog` VALUES (277, 3, 4, '系统监控>日志管理', '系统日志分页查询', '2025-02-06 13:40:44', '搜索条件->操作人：;开始时间：;结束时间：', 1, 3, '2025-02-06 13:40:44', 3, '2025-02-06 13:40:44');
INSERT INTO `lq_operationlog` VALUES (278, 3, 4, '系统监控>日志管理', '系统日志分页查询', '2025-02-06 13:41:36', '搜索条件->操作人：;开始时间：;结束时间：', 1, 3, '2025-02-06 13:41:36', 3, '2025-02-06 13:41:36');
INSERT INTO `lq_operationlog` VALUES (279, 3, 4, '系统监控>日志管理', '系统日志分页查询', '2025-02-06 13:41:43', '搜索条件->操作人：;开始时间：;结束时间：', 1, 3, '2025-02-06 13:41:43', 3, '2025-02-06 13:41:43');
INSERT INTO `lq_operationlog` VALUES (280, 3, 4, '系统监控>日志管理', '系统日志分页查询', '2025-02-06 13:42:02', '搜索条件->操作人：;开始时间：;结束时间：', 1, 3, '2025-02-06 13:42:02', 3, '2025-02-06 13:42:02');
INSERT INTO `lq_operationlog` VALUES (281, 3, 4, '系统监控>日志管理', '系统日志分页查询', '2025-02-06 13:42:10', '搜索条件->操作人：;开始时间：;结束时间：', 1, 3, '2025-02-06 13:42:10', 3, '2025-02-06 13:42:10');
INSERT INTO `lq_operationlog` VALUES (282, 3, 4, '系统监控>日志管理', '系统日志分页查询', '2025-02-06 13:43:00', '搜索条件->操作人：;开始时间：;结束时间：', 1, 3, '2025-02-06 13:43:00', 3, '2025-02-06 13:43:00');
INSERT INTO `lq_operationlog` VALUES (283, 3, 4, '系统监控>日志管理', '系统日志分页查询', '2025-02-06 13:43:24', '搜索条件->操作人：;开始时间：;结束时间：', 1, 3, '2025-02-06 13:43:24', 3, '2025-02-06 13:43:24');
INSERT INTO `lq_operationlog` VALUES (284, 3, 4, '系统监控>日志管理', '系统日志分页查询', '2025-02-06 13:43:34', '搜索条件->操作人：;开始时间：;结束时间：', 1, 3, '2025-02-06 13:43:34', 3, '2025-02-06 13:43:34');
INSERT INTO `lq_operationlog` VALUES (285, 3, 4, '系统监控>日志管理', '系统日志分页查询', '2025-02-06 13:45:32', '搜索条件->操作人：;开始时间：;结束时间：', 1, 3, '2025-02-06 13:45:32', 3, '2025-02-06 13:45:32');
INSERT INTO `lq_operationlog` VALUES (286, 3, 10, '系统登陆', '人员登陆', '2025-02-06 13:51:27', '账号：Aabbye', 1, 3, '2025-02-06 13:51:27', 3, '2025-02-06 13:51:27');
INSERT INTO `lq_operationlog` VALUES (287, 3, 4, '系统监控>日志管理', '系统日志分页查询', '2025-02-06 13:51:44', '搜索条件->操作人：;开始时间：;结束时间：', 1, 3, '2025-02-06 13:51:44', 3, '2025-02-06 13:51:44');
INSERT INTO `lq_operationlog` VALUES (288, 3, 4, '系统监控>日志管理', '系统日志分页查询', '2025-02-06 13:52:57', '搜索条件->操作人：;开始时间：;结束时间：', 1, 3, '2025-02-06 13:52:57', 3, '2025-02-06 13:52:57');
INSERT INTO `lq_operationlog` VALUES (289, 3, 4, '系统监控>日志管理', '系统日志分页查询', '2025-02-06 13:53:29', '搜索条件->操作人：;开始时间：;结束时间：', 1, 3, '2025-02-06 13:53:29', 3, '2025-02-06 13:53:29');
INSERT INTO `lq_operationlog` VALUES (290, 3, 4, '系统监控>日志管理', '系统日志分页查询', '2025-02-06 13:53:31', '搜索条件->操作人：;开始时间：;结束时间：', 1, 3, '2025-02-06 13:53:31', 3, '2025-02-06 13:53:31');
INSERT INTO `lq_operationlog` VALUES (291, 3, 4, '系统监控>日志管理', '系统日志分页查询', '2025-02-06 13:53:36', '搜索条件->操作人：;开始时间：;结束时间：', 1, 3, '2025-02-06 13:53:36', 3, '2025-02-06 13:53:36');
INSERT INTO `lq_operationlog` VALUES (292, 3, 4, '系统监控>日志管理', '系统日志分页查询', '2025-02-06 13:54:08', '搜索条件->操作人：;开始时间：;结束时间：', 1, 3, '2025-02-06 13:54:08', 3, '2025-02-06 13:54:08');
INSERT INTO `lq_operationlog` VALUES (293, 3, 4, '系统监控>日志管理', '系统日志分页查询', '2025-02-06 13:54:23', '搜索条件->操作人：;开始时间：;结束时间：', 1, 3, '2025-02-06 13:54:23', 3, '2025-02-06 13:54:23');
INSERT INTO `lq_operationlog` VALUES (294, 3, 4, '系统监控>日志管理', '系统日志分页查询', '2025-02-06 13:54:54', '搜索条件->操作人：;开始时间：;结束时间：', 1, 3, '2025-02-06 13:54:54', 3, '2025-02-06 13:54:54');
INSERT INTO `lq_operationlog` VALUES (295, 3, 4, '系统监控>日志管理', '系统日志分页查询', '2025-02-06 13:57:10', '搜索条件->操作人：;开始时间：;结束时间：', 1, 3, '2025-02-06 13:57:10', 3, '2025-02-06 13:57:10');
INSERT INTO `lq_operationlog` VALUES (296, 3, 4, '系统监控>日志管理', '系统日志分页查询', '2025-02-06 13:57:39', '搜索条件->操作人：;开始时间：;结束时间：', 1, 3, '2025-02-06 13:57:39', 3, '2025-02-06 13:57:39');
INSERT INTO `lq_operationlog` VALUES (297, 3, 4, '系统监控>日志管理', '系统日志分页查询', '2025-02-06 13:57:48', '搜索条件->操作人：;开始时间：;结束时间：', 1, 3, '2025-02-06 13:57:48', 3, '2025-02-06 13:57:48');
INSERT INTO `lq_operationlog` VALUES (298, 3, 4, '系统监控>日志管理', '系统日志分页查询', '2025-02-06 13:57:50', '搜索条件->操作人：;开始时间：;结束时间：', 1, 3, '2025-02-06 13:57:50', 3, '2025-02-06 13:57:50');
INSERT INTO `lq_operationlog` VALUES (299, 3, 4, '系统监控>日志管理', '系统日志分页查询', '2025-02-06 13:57:51', '搜索条件->操作人：;开始时间：;结束时间：', 1, 3, '2025-02-06 13:57:51', 3, '2025-02-06 13:57:51');
INSERT INTO `lq_operationlog` VALUES (300, 3, 4, '系统监控>日志管理', '系统日志分页查询', '2025-02-06 13:57:58', '搜索条件->操作人：;开始时间：;结束时间：', 1, 3, '2025-02-06 13:57:58', 3, '2025-02-06 13:57:58');
INSERT INTO `lq_operationlog` VALUES (301, 3, 4, '系统监控>日志管理', '系统日志分页查询', '2025-02-06 13:58:02', '搜索条件->操作人：;开始时间：;结束时间：', 1, 3, '2025-02-06 13:58:02', 3, '2025-02-06 13:58:02');
INSERT INTO `lq_operationlog` VALUES (302, 3, 4, '系统监控>日志管理', '系统日志分页查询', '2025-02-06 13:58:04', '搜索条件->操作人：;开始时间：;结束时间：', 1, 3, '2025-02-06 13:58:04', 3, '2025-02-06 13:58:04');
INSERT INTO `lq_operationlog` VALUES (303, 3, 4, '系统监控>日志管理', '系统日志分页查询', '2025-02-06 14:01:10', '搜索条件->操作人：;开始时间：;结束时间：', 1, 3, '2025-02-06 14:01:10', 3, '2025-02-06 14:01:10');
INSERT INTO `lq_operationlog` VALUES (304, 3, 4, '系统监控>日志管理', '系统日志分页查询', '2025-02-06 14:01:15', '搜索条件->操作人：;开始时间：;结束时间：', 1, 3, '2025-02-06 14:01:15', 3, '2025-02-06 14:01:15');
INSERT INTO `lq_operationlog` VALUES (305, 3, 4, '系统监控>日志管理', '系统日志分页查询', '2025-02-06 14:01:55', '搜索条件->操作人：;开始时间：;结束时间：', 1, 3, '2025-02-06 14:01:55', 3, '2025-02-06 14:01:55');
INSERT INTO `lq_operationlog` VALUES (306, 3, 4, '系统监控>日志管理', '系统日志分页查询', '2025-02-06 14:01:57', '搜索条件->操作人：;开始时间：;结束时间：', 1, 3, '2025-02-06 14:01:57', 3, '2025-02-06 14:01:57');
INSERT INTO `lq_operationlog` VALUES (307, 3, 10, '系统登陆', '人员登陆', '2025-02-06 14:02:31', '账号：Aabbye', 1, 3, '2025-02-06 14:02:31', 3, '2025-02-06 14:02:31');
INSERT INTO `lq_operationlog` VALUES (308, 3, 10, '系统登陆', '人员登陆', '2025-02-06 14:03:34', '账号：Aabbye', 1, 3, '2025-02-06 14:03:34', 3, '2025-02-06 14:03:34');
INSERT INTO `lq_operationlog` VALUES (309, 3, 4, '系统监控>日志管理', '系统日志分页查询', '2025-02-06 14:03:39', '搜索条件->操作人：;操作模块：;操作类型：开始时间：;结束时间：', 1, 3, '2025-02-06 14:03:39', 3, '2025-02-06 14:03:39');
INSERT INTO `lq_operationlog` VALUES (310, 3, 4, '系统监控>日志管理', '系统日志分页查询', '2025-02-06 14:03:46', '搜索条件->操作人：;操作模块：;操作类型：编辑开始时间：;结束时间：', 1, 3, '2025-02-06 14:03:46', 3, '2025-02-06 14:03:46');
INSERT INTO `lq_operationlog` VALUES (311, 3, 4, '系统监控>日志管理', '系统日志分页查询', '2025-02-06 14:03:48', '搜索条件->操作人：;操作模块：;操作类型：开始时间：;结束时间：', 1, 3, '2025-02-06 14:03:48', 3, '2025-02-06 14:03:48');
INSERT INTO `lq_operationlog` VALUES (312, 3, 10, '系统登陆', '人员登陆', '2025-02-07 09:04:40', '账号：Aabbye', 1, 3, '2025-02-07 09:04:40', 3, '2025-02-07 09:04:40');
INSERT INTO `lq_operationlog` VALUES (313, 3, 10, '系统登陆', '人员登陆', '2025-02-07 09:05:53', '账号：Aabbye', 1, 3, '2025-02-07 09:05:53', 3, '2025-02-07 09:05:53');
INSERT INTO `lq_operationlog` VALUES (314, 3, 4, '系统监控>日志管理', '系统日志分页查询', '2025-02-07 09:05:58', '搜索条件->操作人：;操作模块：;操作类型：;开始时间：;结束时间：', 1, 3, '2025-02-07 09:05:58', 3, '2025-02-07 09:05:58');
INSERT INTO `lq_operationlog` VALUES (315, 3, 10, '系统登陆', '人员登陆', '2025-02-07 10:47:08', '账号：Aabbye', 1, 3, '2025-02-07 10:47:08', 3, '2025-02-07 10:47:08');
INSERT INTO `lq_operationlog` VALUES (316, 3, 10, '系统登陆', '人员登陆', '2025-02-07 10:54:02', '账号：Aabbye', 1, 3, '2025-02-07 10:54:02', 3, '2025-02-07 10:54:02');
INSERT INTO `lq_operationlog` VALUES (317, 3, 4, '系统监控>日志管理', '系统日志分页查询', '2025-02-07 10:54:08', '搜索条件->操作人：;操作模块：;操作类型：;开始时间：;结束时间：', 1, 3, '2025-02-07 10:54:08', 3, '2025-02-07 10:54:08');
INSERT INTO `lq_operationlog` VALUES (318, 3, 4, '设置>权限设置', '角色分页查询', '2025-02-07 11:19:18', '搜索条件->角色名称：', 1, 3, '2025-02-07 11:19:18', 3, '2025-02-07 11:19:18');
INSERT INTO `lq_operationlog` VALUES (319, 3, 4, '设置>权限设置', '角色分页查询', '2025-02-07 11:19:36', '搜索条件->角色名称：', 1, 3, '2025-02-07 11:19:36', 3, '2025-02-07 11:19:36');
INSERT INTO `lq_operationlog` VALUES (320, 3, 4, '设置>权限设置', '角色分页查询', '2025-02-07 11:20:09', '搜索条件->角色名称：', 1, 3, '2025-02-07 11:20:09', 3, '2025-02-07 11:20:09');
INSERT INTO `lq_operationlog` VALUES (321, 3, 4, '设置>权限设置', '角色分页查询', '2025-02-07 11:20:11', '搜索条件->角色名称：', 1, 3, '2025-02-07 11:20:11', 3, '2025-02-07 11:20:11');
INSERT INTO `lq_operationlog` VALUES (322, 3, 4, '系统监控>日志管理', '系统日志分页查询', '2025-02-07 16:32:52', '搜索条件->操作人：;操作模块：;操作类型：;开始时间：;结束时间：', 1, 3, '2025-02-07 16:32:52', 3, '2025-02-07 16:32:52');
INSERT INTO `lq_operationlog` VALUES (323, 6, 10, '系统登陆', '人员登陆', '2025-02-08 11:47:13', '账号：Lxin', 1, 6, '2025-02-08 11:47:13', 6, '2025-02-08 11:47:13');
INSERT INTO `lq_operationlog` VALUES (324, 6, 10, '系统登陆', '人员登陆', '2025-02-08 11:48:45', '账号：Lxin', 1, 6, '2025-02-08 11:48:45', 6, '2025-02-08 11:48:45');
INSERT INTO `lq_operationlog` VALUES (325, 3, 10, '系统登陆', '人员登陆', '2025-02-08 11:49:05', '账号：Aabbye', 1, 3, '2025-02-08 11:49:05', 3, '2025-02-08 11:49:05');
INSERT INTO `lq_operationlog` VALUES (326, 3, 10, '系统登陆', '人员登陆', '2025-02-08 11:59:14', '账号：Aabbye', 1, 3, '2025-02-08 11:59:14', 3, '2025-02-08 11:59:14');
INSERT INTO `lq_operationlog` VALUES (327, 3, 10, '系统登陆', '人员登陆', '2025-02-08 13:33:55', '账号：Aabbye', 1, 3, '2025-02-08 13:33:55', 3, '2025-02-08 13:33:55');
INSERT INTO `lq_operationlog` VALUES (328, 3, 10, '系统登陆', '人员登陆', '2025-02-08 13:36:08', '账号：Aabbye', 1, 3, '2025-02-08 13:36:08', 3, '2025-02-08 13:36:08');
INSERT INTO `lq_operationlog` VALUES (329, 3, 10, '系统登陆', '人员登陆', '2025-02-08 14:06:27', '账号：Aabbye', 1, 3, '2025-02-08 14:06:27', 3, '2025-02-08 14:06:27');
INSERT INTO `lq_operationlog` VALUES (330, 3, 11, '账号登出', '人员退出系统', '2025-02-08 14:06:42', '账号：芦强退出成功', 1, 3, '2025-02-08 14:06:42', 3, '2025-02-08 14:06:42');
INSERT INTO `lq_operationlog` VALUES (331, 3, 10, '系统登陆', '人员登陆', '2025-02-08 14:07:24', '账号：Aabbye', 1, 3, '2025-02-08 14:07:24', 3, '2025-02-08 14:07:24');
INSERT INTO `lq_operationlog` VALUES (332, 3, 4, '系统监控>日志管理', '系统日志分页查询', '2025-02-08 14:07:26', '搜索条件->操作人：;操作模块：;操作类型：;开始时间：;结束时间：', 1, 3, '2025-02-08 14:07:26', 3, '2025-02-08 14:07:26');
INSERT INTO `lq_operationlog` VALUES (333, 3, 10, '系统登陆', '人员登陆', '2025-02-08 14:11:27', '账号：Aabbye', 1, 3, '2025-02-08 14:11:27', 3, '2025-02-08 14:11:27');
INSERT INTO `lq_operationlog` VALUES (334, 3, 4, '系统监控>日志管理', '系统日志分页查询', '2025-02-08 14:11:45', '搜索条件->操作人：;操作模块：;操作类型：;开始时间：;结束时间：', 1, 3, '2025-02-08 14:11:45', 3, '2025-02-08 14:11:45');
INSERT INTO `lq_operationlog` VALUES (335, 3, 11, '账号登出', '人员退出系统', '2025-02-08 14:11:55', '账号：芦强-->退出成功', 1, 3, '2025-02-08 14:11:55', 3, '2025-02-08 14:11:55');
INSERT INTO `lq_operationlog` VALUES (336, 6, 10, '系统登陆', '人员登陆', '2025-02-08 14:12:28', '账号：Lxin', 1, 6, '2025-02-08 14:12:28', 6, '2025-02-08 14:12:28');
INSERT INTO `lq_operationlog` VALUES (337, 6, 10, '系统登陆', '人员登陆', '2025-02-08 14:15:07', '账号：Lxin', 1, 6, '2025-02-08 14:15:07', 6, '2025-02-08 14:15:07');
INSERT INTO `lq_operationlog` VALUES (338, 6, 1, '用户>个人信息', '用户修改个人信息', '2025-02-08 14:15:28', '用户首次登陆补充个人信息！', 1, 6, '2025-02-08 14:15:28', 6, '2025-02-08 14:15:28');
INSERT INTO `lq_operationlog` VALUES (339, 6, 1, '用户>个人信息', '用户修改个人信息', '2025-02-08 14:34:29', '用户修改个人信息！', 1, 6, '2025-02-08 14:34:29', 6, '2025-02-08 14:34:29');
INSERT INTO `lq_operationlog` VALUES (340, 6, 11, '账号登出', '人员退出系统', '2025-02-08 14:34:41', '账号：兰欣-->退出成功', 1, 6, '2025-02-08 14:34:41', 6, '2025-02-08 14:34:41');
INSERT INTO `lq_operationlog` VALUES (341, 3, 10, '系统登陆', '人员登陆', '2025-02-08 14:34:45', '账号：Aabbye', 1, 3, '2025-02-08 14:34:45', 3, '2025-02-08 14:34:45');
INSERT INTO `lq_operationlog` VALUES (342, 3, 4, '系统监控>日志管理', '系统日志分页查询', '2025-02-08 14:34:47', '搜索条件->操作人：;操作模块：;操作类型：;开始时间：;结束时间：', 1, 3, '2025-02-08 14:34:47', 3, '2025-02-08 14:34:47');
INSERT INTO `lq_operationlog` VALUES (343, 3, 4, '系统监控>日志管理', '系统日志分页查询', '2025-02-08 14:37:08', '搜索条件->操作人：;操作模块：;操作类型：;开始时间：;结束时间：', 1, 3, '2025-02-08 14:37:08', 3, '2025-02-08 14:37:08');
INSERT INTO `lq_operationlog` VALUES (344, 3, 4, '系统监控>日志管理', '系统日志分页查询', '2025-02-08 14:44:23', '搜索条件->操作人：;操作模块：;操作类型：;开始时间：;结束时间：', 1, 3, '2025-02-08 14:44:23', 3, '2025-02-08 14:44:23');
INSERT INTO `lq_operationlog` VALUES (345, 3, 4, '系统监控>日志管理', '系统日志分页查询', '2025-02-08 14:47:17', '搜索条件->操作人：;操作模块：;操作类型：;开始时间：;结束时间：', 1, 3, '2025-02-08 14:47:17', 3, '2025-02-08 14:47:17');
INSERT INTO `lq_operationlog` VALUES (346, 3, 4, '系统监控>日志管理', '系统日志分页查询', '2025-02-08 14:47:23', '搜索条件->操作人：;操作模块：;操作类型：;开始时间：;结束时间：', 1, 3, '2025-02-08 14:47:23', 3, '2025-02-08 14:47:23');
INSERT INTO `lq_operationlog` VALUES (347, 3, 4, '系统监控>日志管理', '系统日志分页查询', '2025-02-08 14:47:36', '搜索条件->操作人：;操作模块：;操作类型：;开始时间：;结束时间：', 1, 3, '2025-02-08 14:47:36', 3, '2025-02-08 14:47:36');
INSERT INTO `lq_operationlog` VALUES (348, 3, 4, '设置>权限设置', '角色分页查询', '2025-02-08 14:50:21', '搜索条件->角色名称：', 1, 3, '2025-02-08 14:50:21', 3, '2025-02-08 14:50:21');
INSERT INTO `lq_operationlog` VALUES (349, 3, 2, '设置>权限设置', '删除角色', '2025-02-08 14:50:29', '角色名称：aa', 1, 3, '2025-02-08 14:50:29', 3, '2025-02-08 14:50:29');
INSERT INTO `lq_operationlog` VALUES (350, 3, 4, '设置>权限设置', '角色分页查询', '2025-02-08 14:50:29', '搜索条件->角色名称：', 1, 3, '2025-02-08 14:50:29', 3, '2025-02-08 14:50:29');
INSERT INTO `lq_operationlog` VALUES (351, 6, 10, '系统登陆', '人员登陆', '2025-02-14 16:38:54', '账号：Lxin', 1, 6, '2025-02-14 16:38:54', 6, '2025-02-14 16:38:54');
INSERT INTO `lq_operationlog` VALUES (352, 6, 4, '系统监控>日志管理', '系统日志分页查询', '2025-02-14 16:39:00', '搜索条件->操作人：;操作模块：;操作类型：;开始时间：;结束时间：', 1, 6, '2025-02-14 16:39:00', 6, '2025-02-14 16:39:00');
INSERT INTO `lq_operationlog` VALUES (353, 3, 10, '系统登陆', '人员登陆', '2025-03-20 14:16:26', '账号：Aabbye', 1, 3, '2025-03-20 14:16:26', 3, '2025-03-20 14:16:26');
INSERT INTO `lq_operationlog` VALUES (354, 3, 4, '系统监控>日志管理', '系统日志分页查询', '2025-03-20 14:16:39', '搜索条件->操作人：;操作模块：;操作类型：;开始时间：;结束时间：', 1, 3, '2025-03-20 14:16:39', 3, '2025-03-20 14:16:39');
INSERT INTO `lq_operationlog` VALUES (355, 3, 4, '系统监控>日志管理', '系统日志分页查询', '2025-03-20 14:16:47', '搜索条件->操作人：;操作模块：;操作类型：;开始时间：;结束时间：', 1, 3, '2025-03-20 14:16:47', 3, '2025-03-20 14:16:47');
INSERT INTO `lq_operationlog` VALUES (356, 3, 4, '系统监控>日志管理', '系统日志分页查询', '2025-03-20 14:16:50', '搜索条件->操作人：;操作模块：;操作类型：;开始时间：;结束时间：', 1, 3, '2025-03-20 14:16:50', 3, '2025-03-20 14:16:50');
INSERT INTO `lq_operationlog` VALUES (357, 3, 4, '系统监控>日志管理', '系统日志分页查询', '2025-03-20 14:16:51', '搜索条件->操作人：;操作模块：;操作类型：;开始时间：;结束时间：', 1, 3, '2025-03-20 14:16:51', 3, '2025-03-20 14:16:51');
INSERT INTO `lq_operationlog` VALUES (358, 3, 4, '系统监控>日志管理', '系统日志分页查询', '2025-03-20 14:16:56', '搜索条件->操作人：;操作模块：;操作类型：;开始时间：;结束时间：', 1, 3, '2025-03-20 14:16:56', 3, '2025-03-20 14:16:56');
INSERT INTO `lq_operationlog` VALUES (359, 3, 4, '系统监控>日志管理', '系统日志分页查询', '2025-03-20 14:16:56', '搜索条件->操作人：;操作模块：;操作类型：;开始时间：;结束时间：', 1, 3, '2025-03-20 14:16:56', 3, '2025-03-20 14:16:56');
INSERT INTO `lq_operationlog` VALUES (360, 3, 4, '系统监控>日志管理', '系统日志分页查询', '2025-03-20 14:19:55', '搜索条件->操作人：;操作模块：;操作类型：;开始时间：;结束时间：', 1, 3, '2025-03-20 14:19:55', 3, '2025-03-20 14:19:55');
INSERT INTO `lq_operationlog` VALUES (361, 3, 4, '系统监控>日志管理', '系统日志分页查询', '2025-03-20 14:19:56', '搜索条件->操作人：;操作模块：;操作类型：;开始时间：;结束时间：', 1, 3, '2025-03-20 14:19:56', 3, '2025-03-20 14:19:56');
INSERT INTO `lq_operationlog` VALUES (362, 3, 4, '系统监控>日志管理', '系统日志分页查询', '2025-03-20 14:20:01', '搜索条件->操作人：;操作模块：;操作类型：;开始时间：;结束时间：', 1, 3, '2025-03-20 14:20:01', 3, '2025-03-20 14:20:01');
INSERT INTO `lq_operationlog` VALUES (363, 3, 4, '系统监控>日志管理', '系统日志分页查询', '2025-03-20 14:20:09', '搜索条件->操作人：;操作模块：;操作类型：;开始时间：;结束时间：', 1, 3, '2025-03-20 14:20:09', 3, '2025-03-20 14:20:09');
INSERT INTO `lq_operationlog` VALUES (364, 3, 4, '系统监控>日志管理', '系统日志分页查询', '2025-03-20 14:20:14', '搜索条件->操作人：;操作模块：;操作类型：;开始时间：;结束时间：', 1, 3, '2025-03-20 14:20:14', 3, '2025-03-20 14:20:14');
INSERT INTO `lq_operationlog` VALUES (365, 3, 4, '系统监控>日志管理', '系统日志分页查询', '2025-03-20 14:20:23', '搜索条件->操作人：;操作模块：;操作类型：;开始时间：;结束时间：', 1, 3, '2025-03-20 14:20:23', 3, '2025-03-20 14:20:23');
INSERT INTO `lq_operationlog` VALUES (366, 3, 4, '系统监控>日志管理', '系统日志分页查询', '2025-03-20 14:20:27', '搜索条件->操作人：;操作模块：;操作类型：;开始时间：;结束时间：', 1, 3, '2025-03-20 14:20:27', 3, '2025-03-20 14:20:27');
INSERT INTO `lq_operationlog` VALUES (367, 3, 4, '系统监控>日志管理', '系统日志分页查询', '2025-03-20 14:20:32', '搜索条件->操作人：;操作模块：;操作类型：;开始时间：;结束时间：', 1, 3, '2025-03-20 14:20:32', 3, '2025-03-20 14:20:32');
INSERT INTO `lq_operationlog` VALUES (368, 3, 4, '系统监控>日志管理', '系统日志分页查询', '2025-03-20 14:20:36', '搜索条件->操作人：;操作模块：;操作类型：;开始时间：;结束时间：', 1, 3, '2025-03-20 14:20:36', 3, '2025-03-20 14:20:36');
INSERT INTO `lq_operationlog` VALUES (369, 3, 4, '系统监控>日志管理', '系统日志分页查询', '2025-03-20 14:20:41', '搜索条件->操作人：;操作模块：;操作类型：;开始时间：;结束时间：', 1, 3, '2025-03-20 14:20:41', 3, '2025-03-20 14:20:41');
INSERT INTO `lq_operationlog` VALUES (370, 3, 4, '系统监控>日志管理', '系统日志分页查询', '2025-03-20 14:20:46', '搜索条件->操作人：;操作模块：;操作类型：;开始时间：;结束时间：', 1, 3, '2025-03-20 14:20:46', 3, '2025-03-20 14:20:46');
INSERT INTO `lq_operationlog` VALUES (371, 3, 4, '系统监控>日志管理', '系统日志分页查询', '2025-03-20 14:20:51', '搜索条件->操作人：;操作模块：;操作类型：;开始时间：;结束时间：', 1, 3, '2025-03-20 14:20:51', 3, '2025-03-20 14:20:51');
INSERT INTO `lq_operationlog` VALUES (372, 3, 4, '系统监控>日志管理', '系统日志分页查询', '2025-03-20 14:20:51', '搜索条件->操作人：;操作模块：;操作类型：;开始时间：;结束时间：', 1, 3, '2025-03-20 14:20:51', 3, '2025-03-20 14:20:51');
INSERT INTO `lq_operationlog` VALUES (373, 3, 4, '系统监控>日志管理', '系统日志分页查询', '2025-03-20 14:21:25', '搜索条件->操作人：;操作模块：;操作类型：;开始时间：;结束时间：', 1, 3, '2025-03-20 14:21:25', 3, '2025-03-20 14:21:25');
INSERT INTO `lq_operationlog` VALUES (374, 3, 4, '系统监控>日志管理', '系统日志分页查询', '2025-03-20 14:21:27', '搜索条件->操作人：;操作模块：;操作类型：;开始时间：;结束时间：', 1, 3, '2025-03-20 14:21:27', 3, '2025-03-20 14:21:27');
INSERT INTO `lq_operationlog` VALUES (375, 3, 4, '系统监控>日志管理', '系统日志分页查询', '2025-03-20 14:21:28', '搜索条件->操作人：;操作模块：;操作类型：;开始时间：;结束时间：', 1, 3, '2025-03-20 14:21:28', 3, '2025-03-20 14:21:28');
INSERT INTO `lq_operationlog` VALUES (376, 3, 4, '系统监控>日志管理', '系统日志分页查询', '2025-03-20 14:21:30', '搜索条件->操作人：;操作模块：;操作类型：;开始时间：;结束时间：', 1, 3, '2025-03-20 14:21:30', 3, '2025-03-20 14:21:30');
INSERT INTO `lq_operationlog` VALUES (377, 3, 4, '系统监控>日志管理', '系统日志分页查询', '2025-03-20 14:21:31', '搜索条件->操作人：;操作模块：;操作类型：;开始时间：;结束时间：', 1, 3, '2025-03-20 14:21:31', 3, '2025-03-20 14:21:31');
INSERT INTO `lq_operationlog` VALUES (378, 3, 4, '系统监控>日志管理', '系统日志分页查询', '2025-03-20 14:21:32', '搜索条件->操作人：;操作模块：;操作类型：;开始时间：;结束时间：', 1, 3, '2025-03-20 14:21:32', 3, '2025-03-20 14:21:32');
INSERT INTO `lq_operationlog` VALUES (379, 3, 4, '系统监控>日志管理', '系统日志分页查询', '2025-03-20 14:21:34', '搜索条件->操作人：;操作模块：;操作类型：;开始时间：;结束时间：', 1, 3, '2025-03-20 14:21:34', 3, '2025-03-20 14:21:34');
INSERT INTO `lq_operationlog` VALUES (380, 3, 4, '系统监控>日志管理', '系统日志分页查询', '2025-03-20 14:21:35', '搜索条件->操作人：;操作模块：;操作类型：;开始时间：;结束时间：', 1, 3, '2025-03-20 14:21:35', 3, '2025-03-20 14:21:35');
INSERT INTO `lq_operationlog` VALUES (381, 3, 4, '系统监控>日志管理', '系统日志分页查询', '2025-03-20 14:21:37', '搜索条件->操作人：;操作模块：;操作类型：;开始时间：;结束时间：', 1, 3, '2025-03-20 14:21:37', 3, '2025-03-20 14:21:37');
INSERT INTO `lq_operationlog` VALUES (382, 3, 4, '系统监控>日志管理', '系统日志分页查询', '2025-03-20 14:21:38', '搜索条件->操作人：;操作模块：;操作类型：;开始时间：;结束时间：', 1, 3, '2025-03-20 14:21:38', 3, '2025-03-20 14:21:38');
INSERT INTO `lq_operationlog` VALUES (383, 3, 4, '系统监控>日志管理', '系统日志分页查询', '2025-03-20 14:21:40', '搜索条件->操作人：;操作模块：;操作类型：;开始时间：;结束时间：', 1, 3, '2025-03-20 14:21:40', 3, '2025-03-20 14:21:40');
INSERT INTO `lq_operationlog` VALUES (384, 3, 4, '系统监控>日志管理', '系统日志分页查询', '2025-03-20 14:21:41', '搜索条件->操作人：;操作模块：;操作类型：;开始时间：;结束时间：', 1, 3, '2025-03-20 14:21:41', 3, '2025-03-20 14:21:41');
INSERT INTO `lq_operationlog` VALUES (385, 3, 4, '系统监控>日志管理', '系统日志分页查询', '2025-03-20 14:21:43', '搜索条件->操作人：;操作模块：;操作类型：;开始时间：;结束时间：', 1, 3, '2025-03-20 14:21:43', 3, '2025-03-20 14:21:43');
INSERT INTO `lq_operationlog` VALUES (386, 3, 4, '系统监控>日志管理', '系统日志分页查询', '2025-03-20 14:21:44', '搜索条件->操作人：;操作模块：;操作类型：;开始时间：;结束时间：', 1, 3, '2025-03-20 14:21:44', 3, '2025-03-20 14:21:44');
INSERT INTO `lq_operationlog` VALUES (387, 3, 4, '系统监控>日志管理', '系统日志分页查询', '2025-03-20 14:21:46', '搜索条件->操作人：;操作模块：;操作类型：;开始时间：;结束时间：', 1, 3, '2025-03-20 14:21:46', 3, '2025-03-20 14:21:46');
INSERT INTO `lq_operationlog` VALUES (388, 3, 4, '系统监控>日志管理', '系统日志分页查询', '2025-03-20 14:21:47', '搜索条件->操作人：;操作模块：;操作类型：;开始时间：;结束时间：', 1, 3, '2025-03-20 14:21:47', 3, '2025-03-20 14:21:47');
INSERT INTO `lq_operationlog` VALUES (389, 3, 4, '系统监控>日志管理', '系统日志分页查询', '2025-03-20 14:23:22', '搜索条件->操作人：;操作模块：;操作类型：;开始时间：;结束时间：', 1, 3, '2025-03-20 14:23:22', 3, '2025-03-20 14:23:22');
INSERT INTO `lq_operationlog` VALUES (390, 3, 4, '系统监控>日志管理', '系统日志分页查询', '2025-03-20 14:23:22', '搜索条件->操作人：;操作模块：;操作类型：;开始时间：;结束时间：', 1, 3, '2025-03-20 14:23:22', 3, '2025-03-20 14:23:22');
INSERT INTO `lq_operationlog` VALUES (391, 3, 4, '系统监控>日志管理', '系统日志分页查询', '2025-03-20 14:23:23', '搜索条件->操作人：;操作模块：;操作类型：;开始时间：;结束时间：', 1, 3, '2025-03-20 14:23:23', 3, '2025-03-20 14:23:23');
INSERT INTO `lq_operationlog` VALUES (392, 3, 4, '系统监控>日志管理', '系统日志分页查询', '2025-03-20 14:23:23', '搜索条件->操作人：;操作模块：;操作类型：;开始时间：;结束时间：', 1, 3, '2025-03-20 14:23:23', 3, '2025-03-20 14:23:23');
INSERT INTO `lq_operationlog` VALUES (393, 3, 4, '系统监控>日志管理', '系统日志分页查询', '2025-03-20 14:25:18', '搜索条件->操作人：;操作模块：;操作类型：;开始时间：;结束时间：', 1, 3, '2025-03-20 14:25:18', 3, '2025-03-20 14:25:18');
INSERT INTO `lq_operationlog` VALUES (394, 3, 10, '系统登陆', '人员登陆', '2025-03-20 14:41:30', '账号：Aabbye', 1, 3, '2025-03-20 14:41:30', 3, '2025-03-20 14:41:30');
INSERT INTO `lq_operationlog` VALUES (395, 3, 4, '系统监控>日志管理', '系统日志分页查询', '2025-03-20 14:41:54', '搜索条件->操作人：;操作模块：;操作类型：;开始时间：;结束时间：', 1, 3, '2025-03-20 14:41:54', 3, '2025-03-20 14:41:54');
INSERT INTO `lq_operationlog` VALUES (396, 3, 4, '系统监控>日志管理', '系统日志分页查询', '2025-03-20 14:45:52', '搜索条件->操作人：;操作模块：;操作类型：;开始时间：;结束时间：', 1, 3, '2025-03-20 14:45:52', 3, '2025-03-20 14:45:52');
INSERT INTO `lq_operationlog` VALUES (397, 3, 4, '系统监控>日志管理', '系统日志分页查询', '2025-03-20 14:45:56', '搜索条件->操作人：芦;操作模块：;操作类型：;开始时间：;结束时间：', 1, 3, '2025-03-20 14:45:56', 3, '2025-03-20 14:45:56');
INSERT INTO `lq_operationlog` VALUES (398, 3, 4, '系统监控>日志管理', '系统日志分页查询', '2025-03-20 14:45:56', '搜索条件->操作人：芦强;操作模块：;操作类型：;开始时间：;结束时间：', 1, 3, '2025-03-20 14:45:56', 3, '2025-03-20 14:45:56');
INSERT INTO `lq_operationlog` VALUES (399, 3, 4, '系统监控>日志管理', '系统日志分页查询', '2025-03-20 14:45:57', '搜索条件->操作人：芦强;操作模块：;操作类型：;开始时间：;结束时间：', 1, 3, '2025-03-20 14:45:57', 3, '2025-03-20 14:45:57');
INSERT INTO `lq_operationlog` VALUES (400, 3, 4, '系统监控>日志管理', '系统日志分页查询', '2025-03-20 14:46:00', '搜索条件->操作人：芦;操作模块：;操作类型：;开始时间：;结束时间：', 1, 3, '2025-03-20 14:46:00', 3, '2025-03-20 14:46:00');
INSERT INTO `lq_operationlog` VALUES (401, 3, 4, '系统监控>日志管理', '系统日志分页查询', '2025-03-20 14:46:00', '搜索条件->操作人：芦强;操作模块：;操作类型：;开始时间：;结束时间：', 1, 3, '2025-03-20 14:46:00', 3, '2025-03-20 14:46:00');
INSERT INTO `lq_operationlog` VALUES (402, 3, 4, '系统监控>日志管理', '系统日志分页查询', '2025-03-20 14:46:02', '搜索条件->操作人：芦强;操作模块：;操作类型：;开始时间：;结束时间：', 1, 3, '2025-03-20 14:46:02', 3, '2025-03-20 14:46:02');
INSERT INTO `lq_operationlog` VALUES (403, 3, 4, '系统监控>日志管理', '系统日志分页查询', '2025-03-20 14:46:05', '搜索条件->操作人：芦;操作模块：;操作类型：;开始时间：;结束时间：', 1, 3, '2025-03-20 14:46:05', 3, '2025-03-20 14:46:05');
INSERT INTO `lq_operationlog` VALUES (404, 3, 4, '系统监控>日志管理', '系统日志分页查询', '2025-03-20 14:46:05', '搜索条件->操作人：芦强;操作模块：;操作类型：;开始时间：;结束时间：', 1, 3, '2025-03-20 14:46:05', 3, '2025-03-20 14:46:05');
INSERT INTO `lq_operationlog` VALUES (405, 3, 4, '系统监控>日志管理', '系统日志分页查询', '2025-03-20 14:46:07', '搜索条件->操作人：芦强;操作模块：;操作类型：;开始时间：;结束时间：', 1, 3, '2025-03-20 14:46:07', 3, '2025-03-20 14:46:07');
INSERT INTO `lq_operationlog` VALUES (406, 3, 4, '系统监控>日志管理', '系统日志分页查询', '2025-03-20 14:46:10', '搜索条件->操作人：芦;操作模块：;操作类型：;开始时间：;结束时间：', 1, 3, '2025-03-20 14:46:10', 3, '2025-03-20 14:46:10');
INSERT INTO `lq_operationlog` VALUES (407, 3, 4, '系统监控>日志管理', '系统日志分页查询', '2025-03-20 14:46:10', '搜索条件->操作人：芦强;操作模块：;操作类型：;开始时间：;结束时间：', 1, 3, '2025-03-20 14:46:10', 3, '2025-03-20 14:46:10');
INSERT INTO `lq_operationlog` VALUES (408, 3, 4, '系统监控>日志管理', '系统日志分页查询', '2025-03-20 14:46:11', '搜索条件->操作人：芦强;操作模块：;操作类型：;开始时间：;结束时间：', 1, 3, '2025-03-20 14:46:11', 3, '2025-03-20 14:46:11');
INSERT INTO `lq_operationlog` VALUES (409, 3, 4, '系统监控>日志管理', '系统日志分页查询', '2025-03-20 14:46:15', '搜索条件->操作人：芦;操作模块：;操作类型：;开始时间：;结束时间：', 1, 3, '2025-03-20 14:46:15', 3, '2025-03-20 14:46:15');
INSERT INTO `lq_operationlog` VALUES (410, 3, 4, '系统监控>日志管理', '系统日志分页查询', '2025-03-20 14:46:15', '搜索条件->操作人：芦强;操作模块：;操作类型：;开始时间：;结束时间：', 1, 3, '2025-03-20 14:46:15', 3, '2025-03-20 14:46:15');
INSERT INTO `lq_operationlog` VALUES (411, 3, 4, '系统监控>日志管理', '系统日志分页查询', '2025-03-20 14:46:16', '搜索条件->操作人：芦强;操作模块：;操作类型：;开始时间：;结束时间：', 1, 3, '2025-03-20 14:46:16', 3, '2025-03-20 14:46:16');
INSERT INTO `lq_operationlog` VALUES (412, 3, 4, '系统监控>日志管理', '系统日志分页查询', '2025-03-20 14:46:19', '搜索条件->操作人：芦;操作模块：;操作类型：;开始时间：;结束时间：', 1, 3, '2025-03-20 14:46:19', 3, '2025-03-20 14:46:19');
INSERT INTO `lq_operationlog` VALUES (413, 3, 4, '系统监控>日志管理', '系统日志分页查询', '2025-03-20 14:46:19', '搜索条件->操作人：芦强;操作模块：;操作类型：;开始时间：;结束时间：', 1, 3, '2025-03-20 14:46:19', 3, '2025-03-20 14:46:19');
INSERT INTO `lq_operationlog` VALUES (414, 3, 4, '系统监控>日志管理', '系统日志分页查询', '2025-03-20 14:46:21', '搜索条件->操作人：芦强;操作模块：;操作类型：;开始时间：;结束时间：', 1, 3, '2025-03-20 14:46:21', 3, '2025-03-20 14:46:21');
INSERT INTO `lq_operationlog` VALUES (415, 3, 4, '系统监控>日志管理', '系统日志分页查询', '2025-03-20 14:46:24', '搜索条件->操作人：芦;操作模块：;操作类型：;开始时间：;结束时间：', 1, 3, '2025-03-20 14:46:24', 3, '2025-03-20 14:46:24');
INSERT INTO `lq_operationlog` VALUES (416, 3, 4, '系统监控>日志管理', '系统日志分页查询', '2025-03-20 14:46:24', '搜索条件->操作人：芦强;操作模块：;操作类型：;开始时间：;结束时间：', 1, 3, '2025-03-20 14:46:24', 3, '2025-03-20 14:46:24');
INSERT INTO `lq_operationlog` VALUES (417, 3, 4, '系统监控>日志管理', '系统日志分页查询', '2025-03-20 14:46:26', '搜索条件->操作人：芦强;操作模块：;操作类型：;开始时间：;结束时间：', 1, 3, '2025-03-20 14:46:26', 3, '2025-03-20 14:46:26');
INSERT INTO `lq_operationlog` VALUES (418, 3, 4, '系统监控>日志管理', '系统日志分页查询', '2025-03-20 14:46:29', '搜索条件->操作人：芦;操作模块：;操作类型：;开始时间：;结束时间：', 1, 3, '2025-03-20 14:46:29', 3, '2025-03-20 14:46:29');
INSERT INTO `lq_operationlog` VALUES (419, 3, 4, '系统监控>日志管理', '系统日志分页查询', '2025-03-20 14:46:29', '搜索条件->操作人：芦强;操作模块：;操作类型：;开始时间：;结束时间：', 1, 3, '2025-03-20 14:46:29', 3, '2025-03-20 14:46:29');
INSERT INTO `lq_operationlog` VALUES (420, 3, 4, '系统监控>日志管理', '系统日志分页查询', '2025-03-20 14:46:30', '搜索条件->操作人：芦强;操作模块：;操作类型：;开始时间：;结束时间：', 1, 3, '2025-03-20 14:46:30', 3, '2025-03-20 14:46:30');
INSERT INTO `lq_operationlog` VALUES (421, 3, 4, '系统监控>日志管理', '系统日志分页查询', '2025-03-20 14:46:34', '搜索条件->操作人：芦;操作模块：;操作类型：;开始时间：;结束时间：', 1, 3, '2025-03-20 14:46:34', 3, '2025-03-20 14:46:34');
INSERT INTO `lq_operationlog` VALUES (422, 3, 4, '系统监控>日志管理', '系统日志分页查询', '2025-03-20 14:46:34', '搜索条件->操作人：芦强;操作模块：;操作类型：;开始时间：;结束时间：', 1, 3, '2025-03-20 14:46:34', 3, '2025-03-20 14:46:34');
INSERT INTO `lq_operationlog` VALUES (423, 3, 4, '系统监控>日志管理', '系统日志分页查询', '2025-03-20 14:46:35', '搜索条件->操作人：芦强;操作模块：;操作类型：;开始时间：;结束时间：', 1, 3, '2025-03-20 14:46:35', 3, '2025-03-20 14:46:35');
INSERT INTO `lq_operationlog` VALUES (424, 3, 4, '系统监控>日志管理', '系统日志分页查询', '2025-03-20 14:46:38', '搜索条件->操作人：芦;操作模块：;操作类型：;开始时间：;结束时间：', 1, 3, '2025-03-20 14:46:38', 3, '2025-03-20 14:46:38');
INSERT INTO `lq_operationlog` VALUES (425, 3, 4, '系统监控>日志管理', '系统日志分页查询', '2025-03-20 14:46:38', '搜索条件->操作人：芦强;操作模块：;操作类型：;开始时间：;结束时间：', 1, 3, '2025-03-20 14:46:38', 3, '2025-03-20 14:46:38');
INSERT INTO `lq_operationlog` VALUES (426, 3, 4, '系统监控>日志管理', '系统日志分页查询', '2025-03-20 14:46:40', '搜索条件->操作人：芦强;操作模块：;操作类型：;开始时间：;结束时间：', 1, 3, '2025-03-20 14:46:40', 3, '2025-03-20 14:46:40');
INSERT INTO `lq_operationlog` VALUES (427, 3, 4, '系统监控>日志管理', '系统日志分页查询', '2025-03-20 14:46:43', '搜索条件->操作人：芦;操作模块：;操作类型：;开始时间：;结束时间：', 1, 3, '2025-03-20 14:46:43', 3, '2025-03-20 14:46:43');
INSERT INTO `lq_operationlog` VALUES (428, 3, 4, '系统监控>日志管理', '系统日志分页查询', '2025-03-20 14:46:43', '搜索条件->操作人：芦强;操作模块：;操作类型：;开始时间：;结束时间：', 1, 3, '2025-03-20 14:46:43', 3, '2025-03-20 14:46:43');
INSERT INTO `lq_operationlog` VALUES (429, 3, 4, '系统监控>日志管理', '系统日志分页查询', '2025-03-20 14:46:45', '搜索条件->操作人：芦强;操作模块：;操作类型：;开始时间：;结束时间：', 1, 3, '2025-03-20 14:46:45', 3, '2025-03-20 14:46:45');
INSERT INTO `lq_operationlog` VALUES (430, 3, 4, '系统监控>日志管理', '系统日志分页查询', '2025-03-20 14:46:48', '搜索条件->操作人：芦;操作模块：;操作类型：;开始时间：;结束时间：', 1, 3, '2025-03-20 14:46:48', 3, '2025-03-20 14:46:48');
INSERT INTO `lq_operationlog` VALUES (431, 3, 4, '系统监控>日志管理', '系统日志分页查询', '2025-03-20 14:46:48', '搜索条件->操作人：芦强;操作模块：;操作类型：;开始时间：;结束时间：', 1, 3, '2025-03-20 14:46:48', 3, '2025-03-20 14:46:48');
INSERT INTO `lq_operationlog` VALUES (432, 3, 4, '系统监控>日志管理', '系统日志分页查询', '2025-03-20 14:46:49', '搜索条件->操作人：芦强;操作模块：;操作类型：;开始时间：;结束时间：', 1, 3, '2025-03-20 14:46:49', 3, '2025-03-20 14:46:49');
INSERT INTO `lq_operationlog` VALUES (433, 3, 4, '系统监控>日志管理', '系统日志分页查询', '2025-03-20 14:46:53', '搜索条件->操作人：芦;操作模块：;操作类型：;开始时间：;结束时间：', 1, 3, '2025-03-20 14:46:53', 3, '2025-03-20 14:46:53');
INSERT INTO `lq_operationlog` VALUES (434, 3, 4, '系统监控>日志管理', '系统日志分页查询', '2025-03-20 14:46:53', '搜索条件->操作人：芦强;操作模块：;操作类型：;开始时间：;结束时间：', 1, 3, '2025-03-20 14:46:53', 3, '2025-03-20 14:46:53');
INSERT INTO `lq_operationlog` VALUES (435, 3, 4, '系统监控>日志管理', '系统日志分页查询', '2025-03-20 14:46:54', '搜索条件->操作人：芦强;操作模块：;操作类型：;开始时间：;结束时间：', 1, 3, '2025-03-20 14:46:54', 3, '2025-03-20 14:46:54');
INSERT INTO `lq_operationlog` VALUES (436, 3, 4, '系统监控>日志管理', '系统日志分页查询', '2025-03-20 14:46:57', '搜索条件->操作人：芦;操作模块：;操作类型：;开始时间：;结束时间：', 1, 3, '2025-03-20 14:46:57', 3, '2025-03-20 14:46:57');
INSERT INTO `lq_operationlog` VALUES (437, 3, 4, '系统监控>日志管理', '系统日志分页查询', '2025-03-20 14:46:57', '搜索条件->操作人：芦强;操作模块：;操作类型：;开始时间：;结束时间：', 1, 3, '2025-03-20 14:46:57', 3, '2025-03-20 14:46:57');
INSERT INTO `lq_operationlog` VALUES (438, 3, 4, '系统监控>日志管理', '系统日志分页查询', '2025-03-20 14:46:59', '搜索条件->操作人：芦强;操作模块：;操作类型：;开始时间：;结束时间：', 1, 3, '2025-03-20 14:46:59', 3, '2025-03-20 14:46:59');
INSERT INTO `lq_operationlog` VALUES (439, 3, 4, '系统监控>日志管理', '系统日志分页查询', '2025-03-20 14:47:02', '搜索条件->操作人：芦;操作模块：;操作类型：;开始时间：;结束时间：', 1, 3, '2025-03-20 14:47:02', 3, '2025-03-20 14:47:02');
INSERT INTO `lq_operationlog` VALUES (440, 3, 4, '系统监控>日志管理', '系统日志分页查询', '2025-03-20 14:47:02', '搜索条件->操作人：芦强;操作模块：;操作类型：;开始时间：;结束时间：', 1, 3, '2025-03-20 14:47:02', 3, '2025-03-20 14:47:02');
INSERT INTO `lq_operationlog` VALUES (441, 3, 4, '系统监控>日志管理', '系统日志分页查询', '2025-03-20 14:47:04', '搜索条件->操作人：芦强;操作模块：;操作类型：;开始时间：;结束时间：', 1, 3, '2025-03-20 14:47:04', 3, '2025-03-20 14:47:04');
INSERT INTO `lq_operationlog` VALUES (442, 3, 4, '系统监控>日志管理', '系统日志分页查询', '2025-03-20 14:47:07', '搜索条件->操作人：芦;操作模块：;操作类型：;开始时间：;结束时间：', 1, 3, '2025-03-20 14:47:07', 3, '2025-03-20 14:47:07');
INSERT INTO `lq_operationlog` VALUES (443, 3, 4, '系统监控>日志管理', '系统日志分页查询', '2025-03-20 14:47:07', '搜索条件->操作人：芦强;操作模块：;操作类型：;开始时间：;结束时间：', 1, 3, '2025-03-20 14:47:07', 3, '2025-03-20 14:47:07');
INSERT INTO `lq_operationlog` VALUES (444, 3, 4, '系统监控>日志管理', '系统日志分页查询', '2025-03-20 14:47:08', '搜索条件->操作人：芦强;操作模块：;操作类型：;开始时间：;结束时间：', 1, 3, '2025-03-20 14:47:08', 3, '2025-03-20 14:47:08');
INSERT INTO `lq_operationlog` VALUES (445, 3, 4, '系统监控>日志管理', '系统日志分页查询', '2025-03-20 14:47:12', '搜索条件->操作人：芦;操作模块：;操作类型：;开始时间：;结束时间：', 1, 3, '2025-03-20 14:47:12', 3, '2025-03-20 14:47:12');
INSERT INTO `lq_operationlog` VALUES (446, 3, 4, '系统监控>日志管理', '系统日志分页查询', '2025-03-20 14:47:12', '搜索条件->操作人：芦强;操作模块：;操作类型：;开始时间：;结束时间：', 1, 3, '2025-03-20 14:47:12', 3, '2025-03-20 14:47:12');
INSERT INTO `lq_operationlog` VALUES (447, 3, 4, '系统监控>日志管理', '系统日志分页查询', '2025-03-20 14:47:13', '搜索条件->操作人：芦强;操作模块：;操作类型：;开始时间：;结束时间：', 1, 3, '2025-03-20 14:47:13', 3, '2025-03-20 14:47:13');
INSERT INTO `lq_operationlog` VALUES (448, 3, 4, '系统监控>日志管理', '系统日志分页查询', '2025-03-20 14:47:16', '搜索条件->操作人：芦;操作模块：;操作类型：;开始时间：;结束时间：', 1, 3, '2025-03-20 14:47:16', 3, '2025-03-20 14:47:16');
INSERT INTO `lq_operationlog` VALUES (449, 3, 4, '系统监控>日志管理', '系统日志分页查询', '2025-03-20 14:47:16', '搜索条件->操作人：芦强;操作模块：;操作类型：;开始时间：;结束时间：', 1, 3, '2025-03-20 14:47:16', 3, '2025-03-20 14:47:16');
INSERT INTO `lq_operationlog` VALUES (450, 3, 4, '系统监控>日志管理', '系统日志分页查询', '2025-03-20 14:47:18', '搜索条件->操作人：芦强;操作模块：;操作类型：;开始时间：;结束时间：', 1, 3, '2025-03-20 14:47:18', 3, '2025-03-20 14:47:18');
INSERT INTO `lq_operationlog` VALUES (451, 3, 4, '系统监控>日志管理', '系统日志分页查询', '2025-03-20 14:47:21', '搜索条件->操作人：芦;操作模块：;操作类型：;开始时间：;结束时间：', 1, 3, '2025-03-20 14:47:21', 3, '2025-03-20 14:47:21');
INSERT INTO `lq_operationlog` VALUES (452, 3, 4, '系统监控>日志管理', '系统日志分页查询', '2025-03-20 14:47:21', '搜索条件->操作人：芦强;操作模块：;操作类型：;开始时间：;结束时间：', 1, 3, '2025-03-20 14:47:21', 3, '2025-03-20 14:47:21');
INSERT INTO `lq_operationlog` VALUES (453, 3, 4, '系统监控>日志管理', '系统日志分页查询', '2025-03-20 14:47:26', '搜索条件->操作人：芦;操作模块：;操作类型：;开始时间：;结束时间：', 1, 3, '2025-03-20 14:47:26', 3, '2025-03-20 14:47:26');
INSERT INTO `lq_operationlog` VALUES (454, 3, 4, '系统监控>日志管理', '系统日志分页查询', '2025-03-20 14:47:26', '搜索条件->操作人：芦强;操作模块：;操作类型：;开始时间：;结束时间：', 1, 3, '2025-03-20 14:47:26', 3, '2025-03-20 14:47:26');
INSERT INTO `lq_operationlog` VALUES (455, 3, 4, '系统监控>日志管理', '系统日志分页查询', '2025-03-20 14:47:31', '搜索条件->操作人：芦;操作模块：;操作类型：;开始时间：;结束时间：', 1, 3, '2025-03-20 14:47:31', 3, '2025-03-20 14:47:31');
INSERT INTO `lq_operationlog` VALUES (456, 3, 4, '系统监控>日志管理', '系统日志分页查询', '2025-03-20 14:47:31', '搜索条件->操作人：芦强;操作模块：;操作类型：;开始时间：;结束时间：', 1, 3, '2025-03-20 14:47:31', 3, '2025-03-20 14:47:31');
INSERT INTO `lq_operationlog` VALUES (457, 3, 4, '系统监控>日志管理', '系统日志分页查询', '2025-03-20 14:55:50', '搜索条件->操作人：;操作模块：;操作类型：;开始时间：;结束时间：', 1, 3, '2025-03-20 14:55:50', 3, '2025-03-20 14:55:50');
INSERT INTO `lq_operationlog` VALUES (458, 3, 4, '系统监控>日志管理', '系统日志分页查询', '2025-03-20 14:56:49', '搜索条件->操作人：;操作模块：;操作类型：;开始时间：;结束时间：', 1, 3, '2025-03-20 14:56:49', 3, '2025-03-20 14:56:49');
INSERT INTO `lq_operationlog` VALUES (459, 3, 4, '系统监控>日志管理', '系统日志分页查询', '2025-03-20 15:00:08', '搜索条件->操作人：;操作模块：;操作类型：;开始时间：;结束时间：', 1, 3, '2025-03-20 15:00:08', 3, '2025-03-20 15:00:08');
INSERT INTO `lq_operationlog` VALUES (460, 3, 4, '系统监控>日志管理', '系统日志分页查询', '2025-03-20 15:00:16', '搜索条件->操作人：芦;操作模块：;操作类型：;开始时间：;结束时间：', 1, 3, '2025-03-20 15:00:16', 3, '2025-03-20 15:00:16');
INSERT INTO `lq_operationlog` VALUES (461, 3, 4, '系统监控>日志管理', '系统日志分页查询', '2025-03-20 15:00:16', '搜索条件->操作人：芦强;操作模块：;操作类型：;开始时间：;结束时间：', 1, 3, '2025-03-20 15:00:16', 3, '2025-03-20 15:00:16');
INSERT INTO `lq_operationlog` VALUES (462, 3, 4, '系统监控>日志管理', '系统日志分页查询', '2025-03-20 15:00:33', '搜索条件->操作人：芦强;操作模块：;操作类型：;开始时间：;结束时间：', 1, 3, '2025-03-20 15:00:33', 3, '2025-03-20 15:00:33');
INSERT INTO `lq_operationlog` VALUES (463, 3, 4, '系统监控>日志管理', '系统日志分页查询', '2025-03-20 15:02:52', '搜索条件->操作人：;操作模块：;操作类型：;开始时间：;结束时间：', 1, 3, '2025-03-20 15:02:52', 3, '2025-03-20 15:02:52');
INSERT INTO `lq_operationlog` VALUES (464, 3, 4, '系统监控>日志管理', '系统日志分页查询', '2025-03-20 15:02:55', '搜索条件->操作人：芦;操作模块：;操作类型：;开始时间：;结束时间：', 1, 3, '2025-03-20 15:02:55', 3, '2025-03-20 15:02:55');
INSERT INTO `lq_operationlog` VALUES (465, 3, 4, '系统监控>日志管理', '系统日志分页查询', '2025-03-20 15:02:55', '搜索条件->操作人：芦强;操作模块：;操作类型：;开始时间：;结束时间：', 1, 3, '2025-03-20 15:02:55', 3, '2025-03-20 15:02:55');
INSERT INTO `lq_operationlog` VALUES (466, 3, 4, '系统监控>日志管理', '系统日志分页查询', '2025-03-20 15:02:57', '搜索条件->操作人：芦强;操作模块：;操作类型：;开始时间：;结束时间：', 1, 3, '2025-03-20 15:02:57', 3, '2025-03-20 15:02:57');
INSERT INTO `lq_operationlog` VALUES (467, 3, 4, '系统监控>日志管理', '系统日志分页查询', '2025-03-20 15:03:42', '搜索条件->操作人：;操作模块：;操作类型：;开始时间：;结束时间：', 1, 3, '2025-03-20 15:03:42', 3, '2025-03-20 15:03:42');
INSERT INTO `lq_operationlog` VALUES (468, 3, 4, '系统监控>日志管理', '系统日志分页查询', '2025-03-20 15:03:45', '搜索条件->操作人：芦;操作模块：;操作类型：;开始时间：;结束时间：', 1, 3, '2025-03-20 15:03:45', 3, '2025-03-20 15:03:45');
INSERT INTO `lq_operationlog` VALUES (469, 3, 4, '系统监控>日志管理', '系统日志分页查询', '2025-03-20 15:03:45', '搜索条件->操作人：芦强;操作模块：;操作类型：;开始时间：;结束时间：', 1, 3, '2025-03-20 15:03:45', 3, '2025-03-20 15:03:45');
INSERT INTO `lq_operationlog` VALUES (470, 3, 4, '系统监控>日志管理', '系统日志分页查询', '2025-03-20 15:03:47', '搜索条件->操作人：芦强;操作模块：;操作类型：;开始时间：;结束时间：', 1, 3, '2025-03-20 15:03:47', 3, '2025-03-20 15:03:47');
INSERT INTO `lq_operationlog` VALUES (471, 3, 4, '系统监控>日志管理', '系统日志分页查询', '2025-03-20 15:04:43', '搜索条件->操作人：;操作模块：;操作类型：;开始时间：;结束时间：', 1, 3, '2025-03-20 15:04:43', 3, '2025-03-20 15:04:43');
INSERT INTO `lq_operationlog` VALUES (472, 3, 4, '系统监控>日志管理', '系统日志分页查询', '2025-03-20 15:05:14', '搜索条件->操作人：;操作模块：;操作类型：;开始时间：;结束时间：', 1, 3, '2025-03-20 15:05:14', 3, '2025-03-20 15:05:14');
INSERT INTO `lq_operationlog` VALUES (473, 3, 4, '系统监控>日志管理', '系统日志分页查询', '2025-03-20 15:05:51', '搜索条件->操作人：;操作模块：;操作类型：;开始时间：;结束时间：', 1, 3, '2025-03-20 15:05:51', 3, '2025-03-20 15:05:51');
INSERT INTO `lq_operationlog` VALUES (474, 3, 4, '系统监控>日志管理', '系统日志分页查询', '2025-03-20 15:05:59', '搜索条件->操作人：芦;操作模块：;操作类型：;开始时间：;结束时间：', 1, 3, '2025-03-20 15:05:59', 3, '2025-03-20 15:05:59');
INSERT INTO `lq_operationlog` VALUES (475, 3, 4, '系统监控>日志管理', '系统日志分页查询', '2025-03-20 15:05:59', '搜索条件->操作人：芦强;操作模块：;操作类型：;开始时间：;结束时间：', 1, 3, '2025-03-20 15:05:59', 3, '2025-03-20 15:05:59');
INSERT INTO `lq_operationlog` VALUES (476, 3, 4, '系统监控>日志管理', '系统日志分页查询', '2025-03-20 15:06:02', '搜索条件->操作人：芦强;操作模块：;操作类型：;开始时间：;结束时间：', 1, 3, '2025-03-20 15:06:02', 3, '2025-03-20 15:06:02');
INSERT INTO `lq_operationlog` VALUES (477, 3, 4, '系统监控>日志管理', '系统日志分页查询', '2025-03-20 15:06:12', '搜索条件->操作人：芦;操作模块：;操作类型：;开始时间：;结束时间：', 1, 3, '2025-03-20 15:06:12', 3, '2025-03-20 15:06:12');
INSERT INTO `lq_operationlog` VALUES (478, 3, 4, '系统监控>日志管理', '系统日志分页查询', '2025-03-20 15:06:12', '搜索条件->操作人：芦强;操作模块：;操作类型：;开始时间：;结束时间：', 1, 3, '2025-03-20 15:06:12', 3, '2025-03-20 15:06:12');
INSERT INTO `lq_operationlog` VALUES (479, 3, 4, '系统监控>日志管理', '系统日志分页查询', '2025-03-20 15:06:28', '搜索条件->操作人：芦强;操作模块：;操作类型：;开始时间：;结束时间：', 1, 3, '2025-03-20 15:06:28', 3, '2025-03-20 15:06:28');
INSERT INTO `lq_operationlog` VALUES (480, 3, 4, '系统监控>日志管理', '系统日志分页查询', '2025-03-20 15:06:31', '搜索条件->操作人：芦;操作模块：;操作类型：;开始时间：;结束时间：', 1, 3, '2025-03-20 15:06:31', 3, '2025-03-20 15:06:31');
INSERT INTO `lq_operationlog` VALUES (481, 3, 4, '系统监控>日志管理', '系统日志分页查询', '2025-03-20 15:06:31', '搜索条件->操作人：芦强;操作模块：;操作类型：;开始时间：;结束时间：', 1, 3, '2025-03-20 15:06:31', 3, '2025-03-20 15:06:31');
INSERT INTO `lq_operationlog` VALUES (482, 3, 4, '系统监控>日志管理', '系统日志分页查询', '2025-03-20 15:06:33', '搜索条件->操作人：芦强;操作模块：;操作类型：;开始时间：;结束时间：', 1, 3, '2025-03-20 15:06:33', 3, '2025-03-20 15:06:33');
INSERT INTO `lq_operationlog` VALUES (483, 3, 4, '系统监控>日志管理', '系统日志分页查询', '2025-03-20 15:06:36', '搜索条件->操作人：芦;操作模块：;操作类型：;开始时间：;结束时间：', 1, 3, '2025-03-20 15:06:36', 3, '2025-03-20 15:06:36');
INSERT INTO `lq_operationlog` VALUES (484, 3, 4, '系统监控>日志管理', '系统日志分页查询', '2025-03-20 15:06:36', '搜索条件->操作人：芦强;操作模块：;操作类型：;开始时间：;结束时间：', 1, 3, '2025-03-20 15:06:36', 3, '2025-03-20 15:06:36');
INSERT INTO `lq_operationlog` VALUES (485, 3, 4, '系统监控>日志管理', '系统日志分页查询', '2025-03-20 15:06:37', '搜索条件->操作人：芦强;操作模块：;操作类型：;开始时间：;结束时间：', 1, 3, '2025-03-20 15:06:37', 3, '2025-03-20 15:06:37');
INSERT INTO `lq_operationlog` VALUES (486, 3, 4, '系统监控>日志管理', '系统日志分页查询', '2025-03-20 15:06:41', '搜索条件->操作人：芦;操作模块：;操作类型：;开始时间：;结束时间：', 1, 3, '2025-03-20 15:06:41', 3, '2025-03-20 15:06:41');
INSERT INTO `lq_operationlog` VALUES (487, 3, 4, '系统监控>日志管理', '系统日志分页查询', '2025-03-20 15:06:41', '搜索条件->操作人：芦强;操作模块：;操作类型：;开始时间：;结束时间：', 1, 3, '2025-03-20 15:06:41', 3, '2025-03-20 15:06:41');
INSERT INTO `lq_operationlog` VALUES (488, 3, 4, '系统监控>日志管理', '系统日志分页查询', '2025-03-20 15:06:42', '搜索条件->操作人：芦强;操作模块：;操作类型：;开始时间：;结束时间：', 1, 3, '2025-03-20 15:06:42', 3, '2025-03-20 15:06:42');
INSERT INTO `lq_operationlog` VALUES (489, 3, 4, '系统监控>日志管理', '系统日志分页查询', '2025-03-20 15:06:46', '搜索条件->操作人：芦;操作模块：;操作类型：;开始时间：;结束时间：', 1, 3, '2025-03-20 15:06:46', 3, '2025-03-20 15:06:46');
INSERT INTO `lq_operationlog` VALUES (490, 3, 4, '系统监控>日志管理', '系统日志分页查询', '2025-03-20 15:06:46', '搜索条件->操作人：芦强;操作模块：;操作类型：;开始时间：;结束时间：', 1, 3, '2025-03-20 15:06:46', 3, '2025-03-20 15:06:46');
INSERT INTO `lq_operationlog` VALUES (491, 3, 4, '系统监控>日志管理', '系统日志分页查询', '2025-03-20 15:06:47', '搜索条件->操作人：芦强;操作模块：;操作类型：;开始时间：;结束时间：', 1, 3, '2025-03-20 15:06:47', 3, '2025-03-20 15:06:47');
INSERT INTO `lq_operationlog` VALUES (492, 3, 4, '系统监控>日志管理', '系统日志分页查询', '2025-03-20 15:06:50', '搜索条件->操作人：芦;操作模块：;操作类型：;开始时间：;结束时间：', 1, 3, '2025-03-20 15:06:50', 3, '2025-03-20 15:06:50');
INSERT INTO `lq_operationlog` VALUES (493, 3, 4, '系统监控>日志管理', '系统日志分页查询', '2025-03-20 15:06:50', '搜索条件->操作人：芦强;操作模块：;操作类型：;开始时间：;结束时间：', 1, 3, '2025-03-20 15:06:50', 3, '2025-03-20 15:06:50');
INSERT INTO `lq_operationlog` VALUES (494, 3, 4, '系统监控>日志管理', '系统日志分页查询', '2025-03-20 15:06:52', '搜索条件->操作人：芦强;操作模块：;操作类型：;开始时间：;结束时间：', 1, 3, '2025-03-20 15:06:52', 3, '2025-03-20 15:06:52');
INSERT INTO `lq_operationlog` VALUES (495, 3, 4, '系统监控>日志管理', '系统日志分页查询', '2025-03-20 15:06:55', '搜索条件->操作人：芦;操作模块：;操作类型：;开始时间：;结束时间：', 1, 3, '2025-03-20 15:06:55', 3, '2025-03-20 15:06:55');
INSERT INTO `lq_operationlog` VALUES (496, 3, 4, '系统监控>日志管理', '系统日志分页查询', '2025-03-20 15:06:55', '搜索条件->操作人：芦强;操作模块：;操作类型：;开始时间：;结束时间：', 1, 3, '2025-03-20 15:06:55', 3, '2025-03-20 15:06:55');
INSERT INTO `lq_operationlog` VALUES (497, 3, 4, '系统监控>日志管理', '系统日志分页查询', '2025-03-20 15:06:57', '搜索条件->操作人：芦强;操作模块：;操作类型：;开始时间：;结束时间：', 1, 3, '2025-03-20 15:06:57', 3, '2025-03-20 15:06:57');
INSERT INTO `lq_operationlog` VALUES (498, 3, 4, '系统监控>日志管理', '系统日志分页查询', '2025-03-20 15:07:00', '搜索条件->操作人：芦;操作模块：;操作类型：;开始时间：;结束时间：', 1, 3, '2025-03-20 15:07:00', 3, '2025-03-20 15:07:00');
INSERT INTO `lq_operationlog` VALUES (499, 3, 4, '系统监控>日志管理', '系统日志分页查询', '2025-03-20 15:07:00', '搜索条件->操作人：芦强;操作模块：;操作类型：;开始时间：;结束时间：', 1, 3, '2025-03-20 15:07:00', 3, '2025-03-20 15:07:00');
INSERT INTO `lq_operationlog` VALUES (500, 3, 4, '系统监控>日志管理', '系统日志分页查询', '2025-03-20 15:07:01', '搜索条件->操作人：芦强;操作模块：;操作类型：;开始时间：;结束时间：', 1, 3, '2025-03-20 15:07:01', 3, '2025-03-20 15:07:01');
INSERT INTO `lq_operationlog` VALUES (501, 3, 4, '系统监控>日志管理', '系统日志分页查询', '2025-03-20 15:07:05', '搜索条件->操作人：芦;操作模块：;操作类型：;开始时间：;结束时间：', 1, 3, '2025-03-20 15:07:05', 3, '2025-03-20 15:07:05');
INSERT INTO `lq_operationlog` VALUES (502, 3, 4, '系统监控>日志管理', '系统日志分页查询', '2025-03-20 15:07:05', '搜索条件->操作人：芦强;操作模块：;操作类型：;开始时间：;结束时间：', 1, 3, '2025-03-20 15:07:05', 3, '2025-03-20 15:07:05');
INSERT INTO `lq_operationlog` VALUES (503, 3, 4, '系统监控>日志管理', '系统日志分页查询', '2025-03-20 15:07:06', '搜索条件->操作人：芦强;操作模块：;操作类型：;开始时间：;结束时间：', 1, 3, '2025-03-20 15:07:06', 3, '2025-03-20 15:07:06');
INSERT INTO `lq_operationlog` VALUES (504, 3, 4, '系统监控>日志管理', '系统日志分页查询', '2025-03-20 15:07:09', '搜索条件->操作人：芦;操作模块：;操作类型：;开始时间：;结束时间：', 1, 3, '2025-03-20 15:07:09', 3, '2025-03-20 15:07:09');
INSERT INTO `lq_operationlog` VALUES (505, 3, 4, '系统监控>日志管理', '系统日志分页查询', '2025-03-20 15:07:09', '搜索条件->操作人：芦强;操作模块：;操作类型：;开始时间：;结束时间：', 1, 3, '2025-03-20 15:07:09', 3, '2025-03-20 15:07:09');
INSERT INTO `lq_operationlog` VALUES (506, 3, 4, '系统监控>日志管理', '系统日志分页查询', '2025-03-20 15:07:11', '搜索条件->操作人：芦强;操作模块：;操作类型：;开始时间：;结束时间：', 1, 3, '2025-03-20 15:07:11', 3, '2025-03-20 15:07:11');
INSERT INTO `lq_operationlog` VALUES (507, 3, 4, '系统监控>日志管理', '系统日志分页查询', '2025-03-20 15:07:14', '搜索条件->操作人：芦;操作模块：;操作类型：;开始时间：;结束时间：', 1, 3, '2025-03-20 15:07:14', 3, '2025-03-20 15:07:14');
INSERT INTO `lq_operationlog` VALUES (508, 3, 4, '系统监控>日志管理', '系统日志分页查询', '2025-03-20 15:07:14', '搜索条件->操作人：芦强;操作模块：;操作类型：;开始时间：;结束时间：', 1, 3, '2025-03-20 15:07:14', 3, '2025-03-20 15:07:14');
INSERT INTO `lq_operationlog` VALUES (509, 3, 4, '系统监控>日志管理', '系统日志分页查询', '2025-03-20 15:07:16', '搜索条件->操作人：芦强;操作模块：;操作类型：;开始时间：;结束时间：', 1, 3, '2025-03-20 15:07:16', 3, '2025-03-20 15:07:16');
INSERT INTO `lq_operationlog` VALUES (510, 3, 4, '系统监控>日志管理', '系统日志分页查询', '2025-03-20 15:07:19', '搜索条件->操作人：芦;操作模块：;操作类型：;开始时间：;结束时间：', 1, 3, '2025-03-20 15:07:19', 3, '2025-03-20 15:07:19');
INSERT INTO `lq_operationlog` VALUES (511, 3, 4, '系统监控>日志管理', '系统日志分页查询', '2025-03-20 15:07:19', '搜索条件->操作人：芦强;操作模块：;操作类型：;开始时间：;结束时间：', 1, 3, '2025-03-20 15:07:19', 3, '2025-03-20 15:07:19');
INSERT INTO `lq_operationlog` VALUES (512, 3, 4, '系统监控>日志管理', '系统日志分页查询', '2025-03-20 15:07:21', '搜索条件->操作人：芦强;操作模块：;操作类型：;开始时间：;结束时间：', 1, 3, '2025-03-20 15:07:21', 3, '2025-03-20 15:07:21');
INSERT INTO `lq_operationlog` VALUES (513, 3, 4, '系统监控>日志管理', '系统日志分页查询', '2025-03-20 15:07:24', '搜索条件->操作人：芦;操作模块：;操作类型：;开始时间：;结束时间：', 1, 3, '2025-03-20 15:07:24', 3, '2025-03-20 15:07:24');
INSERT INTO `lq_operationlog` VALUES (514, 3, 4, '系统监控>日志管理', '系统日志分页查询', '2025-03-20 15:07:24', '搜索条件->操作人：芦强;操作模块：;操作类型：;开始时间：;结束时间：', 1, 3, '2025-03-20 15:07:24', 3, '2025-03-20 15:07:24');
INSERT INTO `lq_operationlog` VALUES (515, 3, 4, '系统监控>日志管理', '系统日志分页查询', '2025-03-20 15:07:25', '搜索条件->操作人：芦强;操作模块：;操作类型：;开始时间：;结束时间：', 1, 3, '2025-03-20 15:07:25', 3, '2025-03-20 15:07:25');
INSERT INTO `lq_operationlog` VALUES (516, 3, 4, '系统监控>日志管理', '系统日志分页查询', '2025-03-20 15:07:29', '搜索条件->操作人：芦;操作模块：;操作类型：;开始时间：;结束时间：', 1, 3, '2025-03-20 15:07:29', 3, '2025-03-20 15:07:29');
INSERT INTO `lq_operationlog` VALUES (517, 3, 4, '系统监控>日志管理', '系统日志分页查询', '2025-03-20 15:07:29', '搜索条件->操作人：芦强;操作模块：;操作类型：;开始时间：;结束时间：', 1, 3, '2025-03-20 15:07:29', 3, '2025-03-20 15:07:29');
INSERT INTO `lq_operationlog` VALUES (518, 3, 4, '系统监控>日志管理', '系统日志分页查询', '2025-03-20 15:07:30', '搜索条件->操作人：芦强;操作模块：;操作类型：;开始时间：;结束时间：', 1, 3, '2025-03-20 15:07:30', 3, '2025-03-20 15:07:30');
INSERT INTO `lq_operationlog` VALUES (519, 3, 4, '系统监控>日志管理', '系统日志分页查询', '2025-03-20 15:07:33', '搜索条件->操作人：芦;操作模块：;操作类型：;开始时间：;结束时间：', 1, 3, '2025-03-20 15:07:33', 3, '2025-03-20 15:07:33');
INSERT INTO `lq_operationlog` VALUES (520, 3, 4, '系统监控>日志管理', '系统日志分页查询', '2025-03-20 15:07:33', '搜索条件->操作人：芦强;操作模块：;操作类型：;开始时间：;结束时间：', 1, 3, '2025-03-20 15:07:33', 3, '2025-03-20 15:07:33');
INSERT INTO `lq_operationlog` VALUES (521, 3, 4, '系统监控>日志管理', '系统日志分页查询', '2025-03-20 15:07:35', '搜索条件->操作人：芦强;操作模块：;操作类型：;开始时间：;结束时间：', 1, 3, '2025-03-20 15:07:35', 3, '2025-03-20 15:07:35');
INSERT INTO `lq_operationlog` VALUES (522, 3, 4, '系统监控>日志管理', '系统日志分页查询', '2025-03-20 15:07:38', '搜索条件->操作人：芦;操作模块：;操作类型：;开始时间：;结束时间：', 1, 3, '2025-03-20 15:07:38', 3, '2025-03-20 15:07:38');
INSERT INTO `lq_operationlog` VALUES (523, 3, 4, '系统监控>日志管理', '系统日志分页查询', '2025-03-20 15:07:38', '搜索条件->操作人：芦强;操作模块：;操作类型：;开始时间：;结束时间：', 1, 3, '2025-03-20 15:07:38', 3, '2025-03-20 15:07:38');
INSERT INTO `lq_operationlog` VALUES (524, 3, 4, '系统监控>日志管理', '系统日志分页查询', '2025-03-20 15:07:40', '搜索条件->操作人：芦强;操作模块：;操作类型：;开始时间：;结束时间：', 1, 3, '2025-03-20 15:07:40', 3, '2025-03-20 15:07:40');
INSERT INTO `lq_operationlog` VALUES (525, 3, 4, '系统监控>日志管理', '系统日志分页查询', '2025-03-20 15:07:43', '搜索条件->操作人：芦;操作模块：;操作类型：;开始时间：;结束时间：', 1, 3, '2025-03-20 15:07:43', 3, '2025-03-20 15:07:43');
INSERT INTO `lq_operationlog` VALUES (526, 3, 4, '系统监控>日志管理', '系统日志分页查询', '2025-03-20 15:07:43', '搜索条件->操作人：芦强;操作模块：;操作类型：;开始时间：;结束时间：', 1, 3, '2025-03-20 15:07:43', 3, '2025-03-20 15:07:43');
INSERT INTO `lq_operationlog` VALUES (527, 3, 4, '系统监控>日志管理', '系统日志分页查询', '2025-03-20 15:07:44', '搜索条件->操作人：芦强;操作模块：;操作类型：;开始时间：;结束时间：', 1, 3, '2025-03-20 15:07:44', 3, '2025-03-20 15:07:44');
INSERT INTO `lq_operationlog` VALUES (528, 3, 4, '系统监控>日志管理', '系统日志分页查询', '2025-03-20 15:07:48', '搜索条件->操作人：芦;操作模块：;操作类型：;开始时间：;结束时间：', 1, 3, '2025-03-20 15:07:48', 3, '2025-03-20 15:07:48');
INSERT INTO `lq_operationlog` VALUES (529, 3, 4, '系统监控>日志管理', '系统日志分页查询', '2025-03-20 15:07:48', '搜索条件->操作人：芦强;操作模块：;操作类型：;开始时间：;结束时间：', 1, 3, '2025-03-20 15:07:48', 3, '2025-03-20 15:07:48');
INSERT INTO `lq_operationlog` VALUES (530, 3, 4, '系统监控>日志管理', '系统日志分页查询', '2025-03-20 15:07:49', '搜索条件->操作人：芦强;操作模块：;操作类型：;开始时间：;结束时间：', 1, 3, '2025-03-20 15:07:49', 3, '2025-03-20 15:07:49');
INSERT INTO `lq_operationlog` VALUES (531, 3, 4, '系统监控>日志管理', '系统日志分页查询', '2025-03-20 15:07:53', '搜索条件->操作人：芦;操作模块：;操作类型：;开始时间：;结束时间：', 1, 3, '2025-03-20 15:07:53', 3, '2025-03-20 15:07:53');
INSERT INTO `lq_operationlog` VALUES (532, 3, 4, '系统监控>日志管理', '系统日志分页查询', '2025-03-20 15:07:53', '搜索条件->操作人：芦强;操作模块：;操作类型：;开始时间：;结束时间：', 1, 3, '2025-03-20 15:07:53', 3, '2025-03-20 15:07:53');
INSERT INTO `lq_operationlog` VALUES (533, 3, 4, '系统监控>日志管理', '系统日志分页查询', '2025-03-20 15:07:54', '搜索条件->操作人：芦强;操作模块：;操作类型：;开始时间：;结束时间：', 1, 3, '2025-03-20 15:07:54', 3, '2025-03-20 15:07:54');
INSERT INTO `lq_operationlog` VALUES (534, 3, 4, '系统监控>日志管理', '系统日志分页查询', '2025-03-20 15:07:57', '搜索条件->操作人：芦;操作模块：;操作类型：;开始时间：;结束时间：', 1, 3, '2025-03-20 15:07:57', 3, '2025-03-20 15:07:57');
INSERT INTO `lq_operationlog` VALUES (535, 3, 4, '系统监控>日志管理', '系统日志分页查询', '2025-03-20 15:07:57', '搜索条件->操作人：芦强;操作模块：;操作类型：;开始时间：;结束时间：', 1, 3, '2025-03-20 15:07:57', 3, '2025-03-20 15:07:57');
INSERT INTO `lq_operationlog` VALUES (536, 3, 4, '系统监控>日志管理', '系统日志分页查询', '2025-03-20 15:07:59', '搜索条件->操作人：芦强;操作模块：;操作类型：;开始时间：;结束时间：', 1, 3, '2025-03-20 15:07:59', 3, '2025-03-20 15:07:59');
INSERT INTO `lq_operationlog` VALUES (537, 3, 4, '系统监控>日志管理', '系统日志分页查询', '2025-03-20 15:08:02', '搜索条件->操作人：芦;操作模块：;操作类型：;开始时间：;结束时间：', 1, 3, '2025-03-20 15:08:02', 3, '2025-03-20 15:08:02');
INSERT INTO `lq_operationlog` VALUES (538, 3, 4, '系统监控>日志管理', '系统日志分页查询', '2025-03-20 15:08:02', '搜索条件->操作人：芦强;操作模块：;操作类型：;开始时间：;结束时间：', 1, 3, '2025-03-20 15:08:02', 3, '2025-03-20 15:08:02');
INSERT INTO `lq_operationlog` VALUES (539, 3, 4, '系统监控>日志管理', '系统日志分页查询', '2025-03-20 15:08:04', '搜索条件->操作人：芦强;操作模块：;操作类型：;开始时间：;结束时间：', 1, 3, '2025-03-20 15:08:04', 3, '2025-03-20 15:08:04');
INSERT INTO `lq_operationlog` VALUES (540, 3, 10, '系统登陆', '人员登陆', '2025-05-19 13:54:07', '账号：Aabbye', 1, 3, '2025-05-19 13:54:07', 3, '2025-05-19 13:54:07');
INSERT INTO `lq_operationlog` VALUES (541, 3, 4, '系统监控>日志管理', '系统日志分页查询', '2025-05-19 13:57:06', '搜索条件->操作人：;操作模块：;操作类型：;开始时间：;结束时间：', 1, 3, '2025-05-19 13:57:06', 3, '2025-05-19 13:57:06');
INSERT INTO `lq_operationlog` VALUES (542, 3, 4, '系统监控>日志管理', '系统日志分页查询', '2025-05-19 13:57:25', '搜索条件->操作人：;操作模块：;操作类型：;开始时间：;结束时间：', 1, 3, '2025-05-19 13:57:25', 3, '2025-05-19 13:57:25');
INSERT INTO `lq_operationlog` VALUES (543, 3, 4, '系统监控>日志管理', '系统日志分页查询', '2025-05-19 13:58:22', '搜索条件->操作人：;操作模块：;操作类型：编辑;开始时间：;结束时间：', 1, 3, '2025-05-19 13:58:22', 3, '2025-05-19 13:58:22');
INSERT INTO `lq_operationlog` VALUES (544, 3, 4, '设置>权限设置', '角色分页查询', '2025-05-19 13:59:28', '搜索条件->角色名称：', 1, 3, '2025-05-19 13:59:28', 3, '2025-05-19 13:59:28');
INSERT INTO `lq_operationlog` VALUES (545, 3, 10, '系统登陆', '人员登陆', '2025-05-19 15:06:19', '账号：Aabbye', 1, 3, '2025-05-19 15:06:19', 3, '2025-05-19 15:06:19');
INSERT INTO `lq_operationlog` VALUES (546, 3, 10, '系统登陆', '人员登陆', '2025-05-19 15:06:19', '{\"UserName\":\"Aabbye\",\"PassWord\":\"123456\",\"orgid\":1}', 1, 3, '2025-05-19 15:06:19', 3, '2025-05-19 15:06:19');
INSERT INTO `lq_operationlog` VALUES (547, 3, 4, '系统监控>日志管理', '系统日志分页查询', '2025-05-19 15:06:26', '搜索条件->操作人：;操作模块：;操作类型：;开始时间：;结束时间：', 1, 3, '2025-05-19 15:06:26', 3, '2025-05-19 15:06:26');
INSERT INTO `lq_operationlog` VALUES (548, 3, 11, '账号登出', '人员退出系统', '2025-05-19 15:07:34', '账号：芦强-->退出成功', 1, 3, '2025-05-19 15:07:34', 3, '2025-05-19 15:07:34');
INSERT INTO `lq_operationlog` VALUES (549, 3, 10, '系统登陆', '人员登陆', '2025-05-19 15:08:37', '账号：Aabbye', 1, 3, '2025-05-19 15:08:37', 3, '2025-05-19 15:08:37');
INSERT INTO `lq_operationlog` VALUES (550, 0, 10, '系统登陆', '人员登陆', '2025-05-19 15:08:37', '{\"UserName\":\"Aabbye\",\"PassWord\":\"123456\",\"orgid\":1}', 0, 0, '2025-05-19 15:08:37', 0, '2025-05-19 15:08:37');
INSERT INTO `lq_operationlog` VALUES (551, 3, 11, '账号登出', '人员退出系统', '2025-05-19 15:09:24', '账号：芦强-->退出成功', 1, 3, '2025-05-19 15:09:24', 3, '2025-05-19 15:09:24');
INSERT INTO `lq_operationlog` VALUES (552, 3, 10, '系统登陆', '人员登陆', '2025-05-19 17:35:59', '账号：Aabbye', 1, 3, '2025-05-19 17:35:59', 3, '2025-05-19 17:35:59');
INSERT INTO `lq_operationlog` VALUES (553, 3, 4, '系统监控>日志管理', '系统日志分页查询', '2025-05-19 17:36:11', '搜索条件->操作人：;操作模块：;操作类型：;开始时间：;结束时间：', 1, 3, '2025-05-19 17:36:11', 3, '2025-05-19 17:36:11');

-- ----------------------------
-- Table structure for lq_serveorg
-- ----------------------------
DROP TABLE IF EXISTS `lq_serveorg`;
CREATE TABLE `lq_serveorg`  (
  `Id` bigint NOT NULL AUTO_INCREMENT,
  `ServeName` varchar(255) CHARACTER SET utf8mb4 COLLATE utf8mb4_0900_ai_ci NULL DEFAULT NULL COMMENT '服务名称',
  `AddTime` datetime NOT NULL COMMENT '创建时间',
  `AddUserId` bigint NOT NULL COMMENT '创建人',
  `UpUserId` int NOT NULL COMMENT '更新人',
  `UpTime` datetime NOT NULL COMMENT '更新时间',
  PRIMARY KEY (`Id`) USING BTREE
) ENGINE = InnoDB AUTO_INCREMENT = 2 CHARACTER SET = utf8mb4 COLLATE = utf8mb4_0900_ai_ci COMMENT = '服务类' ROW_FORMAT = Dynamic;

-- ----------------------------
-- Records of lq_serveorg
-- ----------------------------
INSERT INTO `lq_serveorg` VALUES (1, 'Aabbye测试', '2024-05-31 16:47:24', 3, 3, '2024-12-04 16:58:15');

-- ----------------------------
-- Table structure for lq_sys_menu
-- ----------------------------
DROP TABLE IF EXISTS `lq_sys_menu`;
CREATE TABLE `lq_sys_menu`  (
  `id` bigint NOT NULL AUTO_INCREMENT,
  `menu_name` varchar(255) CHARACTER SET utf8mb4 COLLATE utf8mb4_0900_ai_ci NULL DEFAULT NULL COMMENT '菜单名称',
  `menu_code` varchar(255) CHARACTER SET utf8mb4 COLLATE utf8mb4_0900_ai_ci NULL DEFAULT NULL COMMENT '菜单编码',
  `menu_path` varchar(255) CHARACTER SET utf8mb4 COLLATE utf8mb4_0900_ai_ci NULL DEFAULT NULL COMMENT '菜单路径',
  `menu_up` int NULL DEFAULT NULL COMMENT '上级菜单',
  `grade` int NULL DEFAULT NULL COMMENT '菜单级数',
  `sort` int NOT NULL COMMENT '菜单等级',
  `OrgId` int NOT NULL COMMENT '服务器',
  `AddUserId` int NOT NULL COMMENT '创建人',
  `AddTime` datetime NOT NULL COMMENT '创建时间',
  `icon` varchar(50) CHARACTER SET utf8mb4 COLLATE utf8mb4_0900_ai_ci NULL DEFAULT NULL COMMENT '图标',
  `UpUserId` int NOT NULL COMMENT '更新人',
  `UpTime` datetime NOT NULL COMMENT '更新时间',
  PRIMARY KEY (`id`) USING BTREE
) ENGINE = InnoDB AUTO_INCREMENT = 15 CHARACTER SET = utf8mb4 COLLATE = utf8mb4_0900_ai_ci COMMENT = '菜单管理' ROW_FORMAT = Dynamic;

-- ----------------------------
-- Records of lq_sys_menu
-- ----------------------------
INSERT INTO `lq_sys_menu` VALUES (1, '用户管理', NULL, '', 0, 1, 2, 1, 3, '2024-07-16 09:54:38', 'User', 3, '2024-12-04 17:10:58');
INSERT INTO `lq_sys_menu` VALUES (2, '用户列表', NULL, '/UserManage/UserList', 1, 2, 1, 1, 3, '2024-07-16 09:56:10', 'List', 3, '2024-12-04 17:10:58');
INSERT INTO `lq_sys_menu` VALUES (3, '用户设置', NULL, 'bb', 1, 2, 2, 1, 3, '2024-07-16 09:58:55', 'Setting', 3, '2024-12-04 17:10:58');
INSERT INTO `lq_sys_menu` VALUES (4, '设置', NULL, '', 0, 1, 4, 1, 3, '2024-07-16 10:01:07', 'Setting', 3, '2024-12-04 17:10:58');
INSERT INTO `lq_sys_menu` VALUES (5, '系统设置', NULL, 'cc', 4, 2, 2, 1, 3, '2024-07-16 10:02:47', 'Tools', 3, '2024-12-04 17:10:58');
INSERT INTO `lq_sys_menu` VALUES (6, '权限设置', NULL, '/Setting/MenuSetting', 4, 2, 1, 1, 3, '2024-12-03 14:29:47', 'Lock', 3, '2024-12-04 17:10:58');
INSERT INTO `lq_sys_menu` VALUES (11, '主页', NULL, '/Home/home', 0, 1, 1, 1, 3, '2024-12-03 14:34:41', 'HomeFilled', 3, '2024-12-04 17:10:58');
INSERT INTO `lq_sys_menu` VALUES (12, '系统监控', NULL, NULL, 0, 1, 3, 1, 3, '2024-12-18 16:30:01', 'View', 3, '2024-12-18 16:30:09');
INSERT INTO `lq_sys_menu` VALUES (13, '日志管理', NULL, '/ActionLog/ActionLogPage', 12, 2, 1, 1, 3, '2024-12-18 16:31:41', 'Document', 3, '2024-12-18 16:31:45');
INSERT INTO `lq_sys_menu` VALUES (14, '菜单设置', NULL, '/Menu/MenuSettingPage', 4, 2, 3, 1, 3, '2024-12-20 14:44:13', 'Menu', 3, '2024-12-20 14:44:22');

-- ----------------------------
-- Table structure for lq_sys_msg
-- ----------------------------
DROP TABLE IF EXISTS `lq_sys_msg`;
CREATE TABLE `lq_sys_msg`  (
  `Id` bigint NOT NULL AUTO_INCREMENT,
  `Subject` varchar(255) CHARACTER SET utf8mb4 COLLATE utf8mb4_0900_ai_ci NOT NULL COMMENT '主题',
  `Msg` varchar(5000) CHARACTER SET utf8mb4 COLLATE utf8mb4_0900_ai_ci NOT NULL COMMENT '通知消息',
  `IsRead` bit(1) NOT NULL DEFAULT b'0' COMMENT '是否已通知',
  `OrgId` int NOT NULL COMMENT '服务',
  `AddUserId` int NOT NULL COMMENT '创建人',
  `AddTime` datetime NOT NULL COMMENT '创建时间',
  `UpUserId` int NOT NULL COMMENT '更新人',
  `UpTime` datetime NOT NULL COMMENT '更新时间',
  PRIMARY KEY (`Id`) USING BTREE
) ENGINE = InnoDB AUTO_INCREMENT = 2 CHARACTER SET = utf8mb4 COLLATE = utf8mb4_0900_ai_ci COMMENT = '系统通知信息表' ROW_FORMAT = Dynamic;

-- ----------------------------
-- Records of lq_sys_msg
-- ----------------------------
INSERT INTO `lq_sys_msg` VALUES (1, 'text', 'Text消息', b'1', 1, 3, '2025-01-08 16:49:30', 3, '2025-01-08 17:13:32');

-- ----------------------------
-- Table structure for lq_sys_role
-- ----------------------------
DROP TABLE IF EXISTS `lq_sys_role`;
CREATE TABLE `lq_sys_role`  (
  `Id` bigint NOT NULL AUTO_INCREMENT,
  `RoleCode` varchar(255) CHARACTER SET utf8mb4 COLLATE utf8mb4_0900_ai_ci NOT NULL COMMENT '角色编码',
  `RoleName` varchar(255) CHARACTER SET utf8mb4 COLLATE utf8mb4_0900_ai_ci NOT NULL COMMENT '角色名称',
  `RoleDepicted` varchar(255) CHARACTER SET utf8mb4 COLLATE utf8mb4_0900_ai_ci NULL DEFAULT NULL COMMENT '角色描述',
  `AddUserId` int NOT NULL COMMENT '创建人',
  `AddTime` datetime NOT NULL COMMENT '创建时间',
  `UpUserId` int NOT NULL COMMENT '更新人',
  `UpTime` datetime NOT NULL COMMENT '更新时间',
  `OrgId` int NOT NULL COMMENT '系统服务器',
  `IsDelete` int NOT NULL COMMENT '是否删除 0：删除 1：启用',
  PRIMARY KEY (`Id`) USING BTREE,
  INDEX `index`(`RoleName` ASC, `OrgId` ASC) USING BTREE
) ENGINE = InnoDB AUTO_INCREMENT = 5 CHARACTER SET = utf8mb4 COLLATE = utf8mb4_0900_ai_ci COMMENT = '人员角色表' ROW_FORMAT = Dynamic;

-- ----------------------------
-- Records of lq_sys_role
-- ----------------------------
INSERT INTO `lq_sys_role` VALUES (1, 'Ro-2024120501', '管理员', '最大权限管理者', 3, '2024-12-05 15:39:08', 3, '2024-12-05 15:39:12', 1, 1);
INSERT INTO `lq_sys_role` VALUES (2, 'Ro-2024120601', '二级管理', '拥有一部分管理权限', 3, '2024-12-06 09:10:59', 3, '2024-12-06 09:10:59', 1, 1);
INSERT INTO `lq_sys_role` VALUES (4, 'Ro-2024122401', 'aa', NULL, 3, '2024-12-24 16:52:41', 3, '2024-12-24 16:52:41', 1, 0);

-- ----------------------------
-- Table structure for lq_sysuser_menu
-- ----------------------------
DROP TABLE IF EXISTS `lq_sysuser_menu`;
CREATE TABLE `lq_sysuser_menu`  (
  `id` bigint NOT NULL AUTO_INCREMENT,
  `Roleid` int NOT NULL COMMENT '角色id',
  `menuid` int NOT NULL COMMENT '菜单id',
  `OrgId` int NOT NULL COMMENT '系统id',
  `AddUserId` int NOT NULL COMMENT '添加人员',
  `AddTime` datetime NOT NULL COMMENT '添加时间',
  `UpUserId` int NOT NULL COMMENT '更新人',
  `UpTime` datetime NOT NULL COMMENT '更新时间',
  PRIMARY KEY (`id`) USING BTREE,
  INDEX `index`(`Roleid` ASC, `OrgId` ASC) USING BTREE
) ENGINE = InnoDB AUTO_INCREMENT = 11 CHARACTER SET = utf8mb4 COLLATE = utf8mb4_0900_ai_ci COMMENT = '人员菜单权限' ROW_FORMAT = Dynamic;

-- ----------------------------
-- Records of lq_sysuser_menu
-- ----------------------------
INSERT INTO `lq_sysuser_menu` VALUES (1, 1, 11, 1, 3, '2024-12-03 14:46:35', 3, '2024-12-04 17:10:58');
INSERT INTO `lq_sysuser_menu` VALUES (2, 1, 1, 1, 3, '2024-12-03 14:48:30', 3, '2024-12-04 17:10:58');
INSERT INTO `lq_sysuser_menu` VALUES (3, 1, 2, 1, 3, '2024-12-03 14:50:28', 3, '2024-12-04 17:10:58');
INSERT INTO `lq_sysuser_menu` VALUES (4, 1, 3, 1, 3, '2024-12-03 14:46:35', 3, '2024-12-04 17:10:58');
INSERT INTO `lq_sysuser_menu` VALUES (5, 1, 4, 1, 3, '2024-12-04 15:00:29', 3, '2024-12-04 17:10:58');
INSERT INTO `lq_sysuser_menu` VALUES (6, 1, 5, 1, 3, '2024-12-04 15:00:46', 3, '2024-12-04 17:10:58');
INSERT INTO `lq_sysuser_menu` VALUES (7, 1, 6, 1, 3, '2024-12-04 15:00:58', 3, '2024-12-04 17:10:58');
INSERT INTO `lq_sysuser_menu` VALUES (8, 1, 12, 1, 3, '2024-12-18 16:34:15', 3, '2024-12-18 16:34:12');
INSERT INTO `lq_sysuser_menu` VALUES (9, 1, 13, 1, 3, '2024-12-18 16:34:31', 3, '2024-12-18 16:34:34');
INSERT INTO `lq_sysuser_menu` VALUES (10, 1, 14, 1, 3, '2024-12-20 14:45:29', 3, '2024-12-20 14:45:34');

-- ----------------------------
-- Table structure for lq_timertask
-- ----------------------------
DROP TABLE IF EXISTS `lq_timertask`;
CREATE TABLE `lq_timertask`  (
  `Id` bigint NOT NULL AUTO_INCREMENT,
  `TimerName` varchar(255) CHARACTER SET utf8mb4 COLLATE utf8mb4_0900_ai_ci NULL DEFAULT NULL COMMENT '定时器名称',
  `TimerClass` varchar(255) CHARACTER SET utf8mb4 COLLATE utf8mb4_0900_ai_ci NULL DEFAULT NULL COMMENT '定时器服务类',
  `CreateTime` datetime NULL DEFAULT NULL COMMENT '创建时间',
  `BeginTime` datetime NULL DEFAULT NULL COMMENT '运行开始时间',
  `EndTime` datetime NULL DEFAULT NULL COMMENT '运行结束时间',
  `AddUser` bigint NULL DEFAULT NULL COMMENT '创建人',
  `OrgId` bigint NULL DEFAULT NULL COMMENT '组织',
  `IsStart` int NULL DEFAULT NULL COMMENT '运行状态：0，未启动，1，启动运行，2，暂停',
  `isDelete` int NULL DEFAULT NULL COMMENT '是否删除：0，删除，1，运行',
  `Corn` varchar(255) CHARACTER SET utf8mb4 COLLATE utf8mb4_0900_ai_ci NULL DEFAULT NULL COMMENT '设置运行时段',
  `StartNumber` bigint NULL DEFAULT NULL COMMENT '运行次数',
  PRIMARY KEY (`Id`) USING BTREE
) ENGINE = InnoDB AUTO_INCREMENT = 2 CHARACTER SET = utf8mb4 COLLATE = utf8mb4_0900_ai_ci COMMENT = '定时器管理' ROW_FORMAT = Dynamic;

-- ----------------------------
-- Records of lq_timertask
-- ----------------------------
INSERT INTO `lq_timertask` VALUES (1, 'AA', 'AddTask', '2024-05-31 17:02:53', '2024-05-31 17:02:56', '2030-07-19 17:02:59', 3, 1, 1, 1, '0/5 * * * * ?', NULL);

-- ----------------------------
-- Table structure for lq_user
-- ----------------------------
DROP TABLE IF EXISTS `lq_user`;
CREATE TABLE `lq_user`  (
  `Id` bigint NOT NULL AUTO_INCREMENT,
  `User` varchar(255) CHARACTER SET utf8mb4 COLLATE utf8mb4_0900_ai_ci NOT NULL COMMENT '用户名',
  `UserName` varchar(255) CHARACTER SET utf8mb4 COLLATE utf8mb4_0900_ai_ci NOT NULL COMMENT '账户名',
  `PassWord` varchar(255) CHARACTER SET utf8mb4 COLLATE utf8mb4_0900_ai_ci NOT NULL COMMENT '密码',
  `Email` varchar(255) CHARACTER SET utf8mb4 COLLATE utf8mb4_0900_ai_ci NULL DEFAULT NULL COMMENT '邮件',
  `Phone` varchar(255) CHARACTER SET utf8mb4 COLLATE utf8mb4_0900_ai_ci NULL DEFAULT NULL COMMENT '手机号',
  `IsFirst` bit(1) NOT NULL DEFAULT b'1' COMMENT '是否第一次登陆',
  `AddTime` datetime NOT NULL COMMENT '创建时间',
  `AddUserId` bigint NOT NULL COMMENT '创建人',
  `IsDelete` int NOT NULL COMMENT '是否删除 0：删除 1：启用',
  `OrgId` bigint NOT NULL COMMENT '组织',
  `Salt` varchar(255) CHARACTER SET utf8mb4 COLLATE utf8mb4_0900_ai_ci NOT NULL COMMENT '验证盐值',
  `UpUserId` int NOT NULL COMMENT '更新人',
  `UpTime` datetime NOT NULL COMMENT '更新时间',
  `RoleId` int NULL DEFAULT NULL COMMENT '角色id',
  PRIMARY KEY (`Id`) USING BTREE,
  INDEX `index`(`UserName` ASC, `OrgId` ASC) USING BTREE
) ENGINE = InnoDB AUTO_INCREMENT = 7 CHARACTER SET = utf8mb4 COLLATE = utf8mb4_0900_ai_ci COMMENT = '用户管理' ROW_FORMAT = Dynamic;

-- ----------------------------
-- Records of lq_user
-- ----------------------------
INSERT INTO `lq_user` VALUES (3, '芦强', 'Aabbye', 'RwWELF0AFKTP8uBKx44fE3CJSLT1v8byMvgrEsHTkC4=', '3044579808@qq.com', '18434655241', b'1', '2024-07-06 08:40:00', 3, 1, 1, 'wKx9YYjGTNnQnPcEaK+c2Q==', 3, '2025-01-08 16:21:24', 1);
INSERT INTO `lq_user` VALUES (6, '兰欣', 'Lxin', '+uNIUJfou2yTyWaOzAgVtaCOwZ+yJAWpinnc5cqd8RU=', '123456@qq.com', '123456789', b'1', '2024-11-04 13:52:31', 3, 1, 1, '+jbfDgD0RZnSyg8NbEoHtA==', 6, '2025-02-08 14:34:29', 1);

SET FOREIGN_KEY_CHECKS = 1;
